Row_Number,Timestamp,Session_ID,Frame_ID,Hand_Side,Current_State,Velocity_Px,Fingers_In_Zone,In_Board_Zone_Bool,Pos_X,Pos_Y
1,0.035,20260206_123457,1,Right,Transport,0.0,0,False,1101,259
2,0.104,20260206_123457,3,Right,Transport,43.6,0,False,1087,343
3,0.173,20260206_123457,5,Right,Transport,30.5,0,False,1058,362
4,0.242,20260206_123457,7,Right,Transport,21.8,0,False,1047,381
5,0.311,20260206_123457,9,Right,Transport,12.3,0,False,1057,393
6,0.380,20260206_123457,11,Right,Transport,8.7,0,False,1056,405
7,0.449,20260206_123457,13,Right,Transport,7.4,0,False,1042,403
8,0.518,20260206_123457,15,Left,Transport,0.0,0,False,171,363
9,0.518,20260206_123457,15,Right,Transport,7.7,0,False,1047,412
10,0.587,20260206_123457,17,Left,Transport,4.3,0,False,179,360
11,0.587,20260206_123457,17,Right,Transport,6.8,0,False,1053,419
12,0.657,20260206_123457,19,Left,Transport,4.5,0,False,182,352
13,0.657,20260206_123457,19,Right,Transport,5.8,0,False,1050,413
14,0.726,20260206_123457,21,Left,Transport,4.4,0,False,189,352
15,0.726,20260206_123457,21,Right,Transport,5.8,0,False,1055,409
16,0.795,20260206_123457,23,Left,Transport,4.6,0,False,196,354
17,0.795,20260206_123457,23,Right,Transport,4.2,0,False,1063,409
18,0.864,20260206_123457,25,Left,Transport,3.7,0,False,200,355
19,0.864,20260206_123457,25,Right,Transport,4.1,0,False,1067,404
20,0.933,20260206_123457,27,Left,Transport,3.8,0,False,197,351
21,0.933,20260206_123457,27,Right,Transport,3.9,0,False,1076,404
22,1.002,20260206_123457,29,Left,Transport,5.6,0,False,182,360
23,1.002,20260206_123457,29,Right,Transport,5.3,0,False,1092,400
24,1.071,20260206_123457,31,Left,Transport,9.7,0,False,161,372
25,1.071,20260206_123457,31,Right,Transport,8.3,0,False,1112,395
26,1.140,20260206_123457,33,Left,Transport,14.0,0,False,132,373
27,1.140,20260206_123457,33,Right,Transport,12.9,0,False,1138,373
28,1.209,20260206_123457,35,Left,Transport,12.9,0,False,112,367
29,1.209,20260206_123457,35,Right,Transport,16.5,0,False,1152,341
30,1.279,20260206_123457,37,Left,Transport,15.2,0,False,90,347
31,1.279,20260206_123457,37,Right,Transport,19.9,0,False,1128,306
32,1.348,20260206_123457,39,Left,Transport,14.5,0,False,111,347
33,1.348,20260206_123457,39,Right,Transport,24.3,0,False,1072,286
34,1.417,20260206_123457,41,Left,Transport,18.7,0,False,157,330
35,1.417,20260206_123457,41,Right,Transport,33.1,0,False,990,299
36,1.486,20260206_123457,43,Left,Transport,26.1,0,False,224,337
37,1.486,20260206_123457,43,Right,Transport,43.0,2,True,907,326
38,1.555,20260206_123457,45,Left,Transport,35.0,0,False,299,348
39,1.555,20260206_123457,45,Right,Transport,44.3,4,True,831,370
40,1.624,20260206_123457,47,Left,Transport,35.9,3,True,360,370
41,1.624,20260206_123457,47,Right,Operation,40.6,4,True,788,415
42,1.693,20260206_123457,49,Left,Transport,34.1,5,True,419,393
43,1.693,20260206_123457,49,Right,Operation,29.7,4,True,760,451
44,1.762,20260206_123457,51,Left,Operation,29.5,5,True,451,428
45,1.762,20260206_123457,51,Right,Operation,18.9,4,True,745,467
46,1.831,20260206_123457,53,Left,Operation,21.3,5,True,469,450
47,1.831,20260206_123457,53,Right,Operation,11.3,4,True,737,479
48,1.900,20260206_123457,55,Left,Operation,12.8,5,True,480,462
49,1.900,20260206_123457,55,Right,Operation,7.0,5,True,727,487
50,1.970,20260206_123457,57,Left,Operation,8.0,5,True,481,475
51,1.970,20260206_123457,57,Right,Operation,5.9,5,True,717,490
52,2.039,20260206_123457,59,Left,Operation,5.8,5,True,482,482
53,2.039,20260206_123457,59,Right,Operation,4.7,5,True,710,493
54,2.108,20260206_123457,61,Left,Operation,3.8,5,True,484,485
55,2.108,20260206_123457,61,Right,Operation,4.1,5,True,704,492
56,2.177,20260206_123457,63,Left,Operation,2.9,5,True,488,483
57,2.177,20260206_123457,63,Right,Operation,4.0,5,True,697,488
58,2.246,20260206_123457,65,Left,Operation,1.7,5,True,491,483
59,2.246,20260206_123457,65,Right,Operation,3.6,5,True,694,488
60,2.315,20260206_123457,67,Left,Operation,1.7,5,True,490,483
61,2.315,20260206_123457,67,Right,Operation,1.9,5,True,695,486
62,2.384,20260206_123457,69,Left,Operation,1.1,5,True,489,484
63,2.384,20260206_123457,69,Right,Operation,1.8,5,True,699,487
64,2.453,20260206_123457,71,Left,Operation,1.4,5,True,486,484
65,2.453,20260206_123457,71,Right,Operation,1.6,5,True,701,486
66,2.522,20260206_123457,73,Left,Operation,1.8,5,True,484,485
67,2.522,20260206_123457,73,Right,Operation,0.9,5,True,701,487
68,2.592,20260206_123457,75,Left,Operation,1.8,5,True,484,484
69,2.592,20260206_123457,75,Right,Operation,1.0,5,True,701,485
70,2.661,20260206_123457,77,Left,Operation,2.3,5,True,484,477
71,2.661,20260206_123457,77,Right,Operation,1.8,5,True,703,483
72,2.730,20260206_123457,79,Left,Operation,2.2,5,True,486,476
73,2.730,20260206_123457,79,Right,Operation,2.4,5,True,702,484
74,2.799,20260206_123457,81,Left,Operation,1.8,5,True,487,474
75,2.799,20260206_123457,81,Right,Operation,2.0,5,True,705,484
76,2.868,20260206_123457,83,Left,Operation,1.4,5,True,488,471
77,2.868,20260206_123457,83,Right,Delay,1.4,5,True,707,484
78,2.937,20260206_123457,85,Left,Operation,1.8,5,True,490,475
79,2.937,20260206_123457,85,Right,Delay,1.0,5,True,709,484
80,3.006,20260206_123457,87,Left,Delay,2.1,5,True,488,477
81,3.006,20260206_123457,87,Right,Delay,1.2,5,True,712,484
82,3.075,20260206_123457,89,Left,Delay,1.1,5,True,488,477
83,3.075,20260206_123457,89,Right,Delay,1.7,5,True,713,480
84,3.144,20260206_123457,91,Left,Delay,1.2,5,True,492,477
85,3.144,20260206_123457,91,Right,Delay,1.7,5,True,711,478
86,3.214,20260206_123457,93,Left,Delay,1.4,5,True,495,478
87,3.214,20260206_123457,93,Right,Delay,1.7,5,True,712,480
88,3.283,20260206_123457,95,Left,Delay,1.4,5,True,495,478
89,3.283,20260206_123457,95,Right,Delay,1.4,5,True,709,479
90,3.352,20260206_123457,97,Left,Delay,1.4,5,True,495,477
91,3.352,20260206_123457,97,Right,Delay,1.4,5,True,707,478
92,3.421,20260206_123457,99,Left,Delay,1.2,5,True,493,476
93,3.421,20260206_123457,99,Right,Delay,1.8,5,True,706,473
94,3.490,20260206_123457,101,Left,Delay,2.1,5,True,487,475
95,3.490,20260206_123457,101,Right,Delay,3.5,5,True,705,462
96,3.559,20260206_123457,103,Left,Delay,5.0,5,True,482,457
97,3.559,20260206_123457,103,Right,Operation,10.6,5,True,686,428
98,3.628,20260206_123457,105,Left,Operation,12.4,5,True,476,419
99,3.628,20260206_123457,105,Right,Operation,23.1,5,True,658,369
100,3.697,20260206_123457,107,Left,Operation,23.6,4,True,435,369
101,3.697,20260206_123457,107,Right,Operation,32.3,5,True,654,298
102,3.766,20260206_123457,109,Left,Operation,34.2,1,True,355,336
103,3.766,20260206_123457,109,Right,Operation,36.8,3,True,697,233
104,3.836,20260206_123457,111,Left,Transport,50.1,0,False,226,328
105,3.836,20260206_123457,111,Right,Operation,43.2,2,True,790,206
106,3.905,20260206_123457,113,Left,Transport,57.0,0,False,121,357
107,3.905,20260206_123457,113,Right,Operation,53.7,1,True,916,242
108,3.974,20260206_123457,115,Left,Transport,44.6,0,False,88,383
109,3.974,20260206_123457,115,Right,Transport,63.1,0,False,1028,298
110,4.043,20260206_123457,117,Left,Transport,21.5,0,False,86,399
111,4.043,20260206_123457,117,Right,Transport,47.7,0,False,1064,318
112,4.112,20260206_123457,119,Left,Transport,9.6,0,False,102,401
113,4.112,20260206_123457,119,Right,Transport,25.3,0,False,1069,337
114,4.181,20260206_123457,121,Left,Transport,10.4,0,False,129,421
115,4.181,20260206_123457,121,Right,Transport,13.4,0,False,1067,367
116,4.250,20260206_123457,123,Left,Transport,14.4,0,False,150,435
117,4.250,20260206_123457,123,Right,Transport,11.4,0,False,1057,380
118,4.319,20260206_123457,125,Left,Transport,12.3,0,False,167,447
119,4.319,20260206_123457,125,Right,Transport,10.7,0,False,1052,395
120,4.388,20260206_123457,127,Left,Transport,8.5,0,False,177,449
121,4.388,20260206_123457,127,Right,Transport,10.1,0,False,1056,417
122,4.457,20260206_123457,129,Left,Transport,5.1,0,False,182,453
123,4.457,20260206_123457,129,Right,Transport,6.8,0,False,1057,425
124,4.527,20260206_123457,131,Left,Transport,4.1,0,False,180,462
125,4.527,20260206_123457,131,Right,Transport,4.1,0,False,1059,429
126,4.596,20260206_123457,133,Left,Transport,4.9,0,False,175,472
127,4.596,20260206_123457,133,Right,Transport,3.2,0,False,1051,424
128,4.665,20260206_123457,135,Left,Transport,4.5,0,False,170,475
129,4.665,20260206_123457,135,Right,Transport,4.2,0,False,1047,429
130,4.734,20260206_123457,137,Left,Transport,3.8,0,False,166,482
131,4.734,20260206_123457,137,Right,Transport,4.3,0,False,1039,432
132,4.803,20260206_123457,139,Left,Transport,2.7,0,False,164,482
133,4.803,20260206_123457,139,Right,Transport,3.9,0,False,1038,438
134,4.872,20260206_123457,141,Left,Transport,1.4,0,False,163,480
135,4.872,20260206_123457,141,Right,Transport,3.4,0,False,1044,441
136,4.941,20260206_123457,143,Left,Transport,1.5,0,False,159,481
137,4.941,20260206_123457,143,Right,Transport,4.6,0,False,1054,439
138,5.010,20260206_123457,145,Left,Transport,3.3,0,False,153,478
139,5.010,20260206_123457,145,Right,Transport,4.8,0,False,1061,436
140,5.079,20260206_123457,147,Left,Transport,4.3,0,False,150,469
141,5.079,20260206_123457,147,Right,Transport,5.3,0,False,1070,427
142,5.149,20260206_123457,149,Left,Transport,10.5,0,False,121,463
143,5.149,20260206_123457,149,Right,Transport,8.4,0,False,1080,408
144,5.218,20260206_123457,151,Left,Transport,14.7,0,False,97,441
145,5.218,20260206_123457,151,Right,Transport,9.6,0,False,1079,390
146,5.287,20260206_123457,153,Left,Transport,19.8,0,False,85,410
147,5.287,20260206_123457,153,Right,Transport,12.9,0,False,1070,364
148,5.356,20260206_123457,155,Left,Transport,21.3,0,False,130,381
149,5.356,20260206_123457,155,Right,Transport,15.3,0,False,1042,346
150,5.425,20260206_123457,157,Left,Transport,26.3,0,False,181,356
151,5.425,20260206_123457,157,Right,Transport,23.3,0,False,980,326
152,5.494,20260206_123457,159,Left,Transport,33.4,0,False,258,336
153,5.494,20260206_123457,159,Right,Transport,32.0,2,True,902,329
154,5.563,20260206_123457,161,Left,Transport,36.3,0,False,328,345
155,5.563,20260206_123457,161,Right,Transport,37.4,4,True,826,317
156,5.632,20260206_123457,163,Left,Transport,31.3,5,True,376,358
157,5.632,20260206_123457,163,Right,Operation,39.7,5,True,748,319
158,5.701,20260206_123457,165,Left,Operation,25.0,5,True,417,370
159,5.701,20260206_123457,165,Right,Operation,31.5,5,True,707,322
160,5.771,20260206_123457,167,Left,Operation,16.8,5,True,431,388
161,5.771,20260206_123457,167,Right,Operation,23.6,5,True,691,354
162,5.840,20260206_123457,169,Left,Operation,10.8,5,True,437,401
163,5.840,20260206_123457,169,Right,Operation,14.3,5,True,701,375
164,5.909,20260206_123457,171,Left,Operation,6.0,5,True,437,406
165,5.909,20260206_123457,171,Right,Operation,11.2,5,True,711,387
166,5.978,20260206_123457,173,Left,Operation,4.2,5,True,432,414
167,5.978,20260206_123457,173,Right,Operation,9.2,5,True,717,401
168,6.047,20260206_123457,175,Left,Operation,4.0,5,True,435,421
169,6.047,20260206_123457,175,Right,Operation,8.0,5,True,723,417
170,6.116,20260206_123457,177,Left,Operation,4.7,5,True,435,432
171,6.116,20260206_123457,177,Right,Operation,8.9,5,True,735,432
172,6.185,20260206_123457,179,Left,Operation,4.7,5,True,436,440
173,6.185,20260206_123457,179,Right,Operation,10.3,5,True,748,452
174,6.254,20260206_123457,181,Left,Operation,3.8,5,True,433,445
175,6.254,20260206_123457,181,Right,Operation,8.3,5,True,749,460
176,6.323,20260206_123457,183,Left,Operation,2.8,5,True,432,449
177,6.323,20260206_123457,183,Right,Operation,6.0,5,True,750,465
178,6.393,20260206_123457,185,Left,Operation,1.8,5,True,432,448
179,6.393,20260206_123457,185,Right,Operation,3.9,5,True,754,466
180,6.462,20260206_123457,187,Left,Operation,1.4,5,True,433,448
181,6.462,20260206_123457,187,Right,Operation,4.4,5,True,750,476
182,6.531,20260206_123457,189,Left,Operation,2.2,5,True,436,448
183,6.531,20260206_123457,189,Right,Operation,4.3,5,True,747,480
184,6.600,20260206_123457,191,Left,Operation,3.1,5,True,442,447
185,6.600,20260206_123457,191,Right,Operation,4.1,5,True,750,483
186,6.669,20260206_123457,193,Left,Operation,3.2,5,True,444,443
187,6.669,20260206_123457,193,Right,Operation,4.0,5,True,757,482
188,6.738,20260206_123457,195,Left,Operation,2.4,5,True,445,445
189,6.738,20260206_123457,195,Right,Operation,3.8,5,True,765,480
190,6.807,20260206_123457,197,Left,Operation,1.6,5,True,445,448
191,6.807,20260206_123457,197,Right,Operation,3.7,5,True,768,476
192,6.876,20260206_123457,199,Left,Delay,1.8,5,True,448,452
193,6.876,20260206_123457,199,Right,Operation,3.0,5,True,767,474
194,6.945,20260206_123457,201,Left,Delay,2.5,5,True,450,456
195,6.945,20260206_123457,201,Right,Operation,2.5,4,True,770,471
196,7.014,20260206_123457,203,Left,Delay,2.9,5,True,452,460
197,7.014,20260206_123457,203,Right,Operation,2.0,4,True,771,475
198,7.084,20260206_123457,205,Left,Delay,2.7,5,True,458,460
199,7.084,20260206_123457,205,Right,Operation,3.4,4,True,777,481
200,7.153,20260206_123457,207,Left,Delay,2.3,5,True,457,463
201,7.153,20260206_123457,207,Right,Operation,3.8,4,True,781,487
202,7.222,20260206_123457,209,Left,Delay,1.9,5,True,456,462
203,7.222,20260206_123457,209,Right,Delay,3.8,4,True,780,493
204,7.291,20260206_123457,211,Left,Delay,1.3,5,True,458,464
205,7.291,20260206_123457,211,Right,Delay,2.4,4,True,777,494
206,7.360,20260206_123457,213,Left,Delay,1.7,5,True,458,463
207,7.360,20260206_123457,213,Right,Delay,2.6,4,True,779,490
208,7.429,20260206_123457,215,Left,Delay,1.3,5,True,458,464
209,7.429,20260206_123457,215,Right,Delay,2.4,4,True,779,486
210,7.498,20260206_123457,217,Left,Delay,1.3,5,True,460,465
211,7.498,20260206_123457,217,Right,Delay,2.4,4,True,775,482
212,7.567,20260206_123457,219,Left,Delay,1.2,5,True,462,465
213,7.567,20260206_123457,219,Right,Delay,3.0,4,True,770,479
214,7.636,20260206_123457,221,Left,Delay,1.0,5,True,464,465
215,7.636,20260206_123457,221,Right,Delay,2.9,4,True,765,476
216,7.706,20260206_123457,223,Left,Delay,1.1,5,True,465,463
217,7.706,20260206_123457,223,Right,Delay,2.0,4,True,765,476
218,7.775,20260206_123457,225,Left,Delay,1.1,5,True,467,465
219,7.775,20260206_123457,225,Right,Delay,0.8,4,True,764,476
220,7.844,20260206_123457,227,Left,Delay,2.0,5,True,463,464
221,7.844,20260206_123457,227,Right,Delay,1.0,4,True,763,474
222,7.913,20260206_123457,229,Left,Delay,3.8,5,True,455,457
223,7.913,20260206_123457,229,Right,Delay,2.3,4,True,769,472
224,7.982,20260206_123457,231,Left,Delay,8.0,5,True,444,434
225,7.982,20260206_123457,231,Right,Delay,8.8,5,True,748,446
226,8.051,20260206_123457,233,Left,Operation,19.2,4,True,410,382
227,8.051,20260206_123457,233,Right,Operation,21.1,5,True,723,382
228,8.120,20260206_123457,235,Left,Transport,34.6,0,False,324,339
229,8.120,20260206_123457,235,Right,Operation,34.5,5,True,723,299
230,8.189,20260206_123457,237,Left,Transport,48.9,0,False,215,319
231,8.189,20260206_123457,237,Right,Operation,45.6,4,True,772,208
232,8.258,20260206_123457,239,Left,Transport,58.4,0,False,89,322
233,8.258,20260206_123457,239,Right,Transport,53.6,0,False,877,159
234,8.328,20260206_123457,241,Left,Transport,48.5,0,False,56,375
235,8.328,20260206_123457,241,Right,Transport,57.8,0,False,999,157
236,8.397,20260206_123457,243,Left,Transport,26.0,0,False,62,396
237,8.397,20260206_123457,243,Right,Transport,54.2,0,False,1078,200
238,8.466,20260206_123457,245,Left,Transport,19.7,0,False,94,405
239,8.466,20260206_123457,245,Right,Transport,43.8,0,False,1106,259
240,8.535,20260206_123457,247,Left,Transport,17.1,0,False,133,409
241,8.535,20260206_123457,247,Right,Transport,31.0,0,False,1109,308
242,8.604,20260206_123457,249,Left,Transport,16.2,0,False,156,416
243,8.604,20260206_123457,249,Right,Transport,21.2,0,False,1102,332
244,8.673,20260206_123457,251,Left,Transport,12.4,0,False,164,431
245,8.673,20260206_123457,251,Right,Transport,14.3,0,False,1097,355
246,8.742,20260206_123457,253,Left,Transport,8.3,0,False,170,443
247,8.742,20260206_123457,253,Right,Transport,9.0,0,False,1094,367
248,8.811,20260206_123457,255,Left,Transport,6.3,0,False,170,451
249,8.811,20260206_123457,255,Right,Transport,8.1,0,False,1083,379
250,8.880,20260206_123457,257,Left,Transport,4.4,0,False,170,458
251,8.880,20260206_123457,257,Right,Transport,9.4,0,False,1077,395
252,8.950,20260206_123457,259,Left,Transport,2.1,0,False,169,459
253,8.950,20260206_123457,259,Right,Transport,6.4,0,False,1081,397
254,9.019,20260206_123457,261,Left,Transport,2.1,0,False,170,458
255,9.019,20260206_123457,261,Right,Transport,3.0,0,False,1082,396
256,9.088,20260206_123457,263,Left,Transport,1.9,0,False,169,455
257,9.088,20260206_123457,263,Right,Transport,3.0,0,False,1081,405
258,9.157,20260206_123457,265,Left,Transport,2.1,0,False,173,453
259,9.157,20260206_123457,265,Right,Transport,5.1,0,False,1066,405
260,9.226,20260206_123457,267,Left,Transport,184.6,0,False,1064,390
261,9.295,20260206_123457,269,Left,Transport,366.2,0,False,153,444
262,9.295,20260206_123457,269,Right,Transport,9.3,0,False,1048,391
263,9.364,20260206_123457,271,Left,Transport,366.6,0,False,139,438
264,9.364,20260206_123457,271,Right,Transport,9.1,0,False,1035,383
265,9.433,20260206_123457,273,Left,Transport,7.7,0,False,127,427
266,9.433,20260206_123457,273,Right,Transport,5.4,0,False,1039,384
267,9.502,20260206_123457,275,Left,Transport,7.9,0,False,115,417
268,9.502,20260206_123457,275,Right,Transport,3.3,0,False,1038,390
269,9.572,20260206_123457,277,Left,Transport,7.2,0,False,115,404
270,9.572,20260206_123457,277,Right,Transport,3.8,0,False,1031,394
271,9.641,20260206_123457,279,Left,Transport,8.0,0,False,125,386
272,9.641,20260206_123457,279,Right,Transport,4.5,0,False,1024,400
273,9.710,20260206_123457,281,Left,Transport,11.2,0,False,140,363
274,9.710,20260206_123457,281,Right,Transport,4.2,0,False,1021,406
275,9.779,20260206_123457,283,Left,Transport,13.5,0,False,159,345
276,9.779,20260206_123457,283,Right,Delay,4.1,0,False,1025,398
277,9.848,20260206_123457,285,Left,Transport,14.5,0,False,190,338
278,9.848,20260206_123457,285,Right,Delay,5.4,0,False,1037,396
279,9.917,20260206_123457,287,Left,Transport,19.7,0,False,244,342
280,9.917,20260206_123457,287,Right,Delay,5.7,0,False,1041,399
281,9.986,20260206_123457,289,Left,Transport,23.0,0,False,281,363
282,9.986,20260206_123457,289,Right,Delay,4.1,0,False,1040,401
283,10.055,20260206_123457,291,Left,Transport,17.7,0,False,311,370
284,10.055,20260206_123457,291,Right,Delay,2.7,0,False,1036,403
285,10.124,20260206_123457,293,Left,Transport,18.0,2,True,341,391
286,10.124,20260206_123457,293,Right,Delay,3.8,0,False,1034,405
287,10.193,20260206_123457,295,Left,Operation,20.5,4,True,383,417
288,10.193,20260206_123457,295,Right,Delay,8.7,0,False,1065,406
289,10.263,20260206_123457,297,Left,Operation,16.5,4,True,401,423
290,10.263,20260206_123457,297,Right,Transport,13.0,0,False,1093,398
291,10.332,20260206_123457,299,Left,Operation,8.3,4,True,409,425
292,10.332,20260206_123457,299,Right,Transport,19.0,0,False,1128,367
293,10.401,20260206_123457,301,Left,Operation,5.3,4,True,410,434
294,10.401,20260206_123457,301,Right,Transport,21.6,0,False,1113,327
295,10.470,20260206_123457,303,Left,Operation,4.6,4,True,407,445
296,10.470,20260206_123457,303,Right,Transport,29.7,0,False,1045,315
297,10.539,20260206_123457,305,Left,Operation,4.3,4,True,410,447
298,10.539,20260206_123457,305,Right,Transport,36.8,0,False,960,339
299,10.608,20260206_123457,307,Left,Operation,3.8,4,True,418,442
300,10.608,20260206_123457,307,Right,Transport,46.4,2,True,869,396
301,10.677,20260206_123457,309,Left,Operation,3.6,5,True,424,440
302,10.677,20260206_123457,309,Right,Operation,37.7,2,True,855,436
303,10.746,20260206_123457,311,Left,Operation,2.1,4,True,423,439
304,10.746,20260206_123457,311,Right,Operation,18.3,2,True,848,453
305,10.815,20260206_123457,313,Left,Operation,1.4,4,True,420,441
306,10.815,20260206_123457,313,Right,Operation,10.1,2,True,845,468
307,10.885,20260206_123457,315,Left,Operation,2.3,4,True,413,445
308,10.885,20260206_123457,315,Right,Operation,7.8,2,True,840,484
309,10.954,20260206_123457,317,Left,Operation,3.0,4,True,410,448
310,10.954,20260206_123457,317,Right,Operation,7.3,3,True,832,494
311,11.023,20260206_123457,319,Left,Operation,2.9,4,True,409,451
312,11.023,20260206_123457,319,Right,Operation,6.8,3,True,824,499
313,11.092,20260206_123457,321,Left,Operation,2.6,4,True,414,455
314,11.092,20260206_123457,321,Right,Operation,6.4,3,True,809,505
315,11.161,20260206_123457,323,Left,Operation,2.4,4,True,415,458
316,11.161,20260206_123457,323,Right,Operation,5.3,3,True,804,506
317,11.230,20260206_123457,325,Left,Operation,2.9,4,True,415,464
318,11.230,20260206_123457,325,Right,Operation,4.2,3,True,801,509
319,11.299,20260206_123457,327,Left,Operation,2.2,4,True,417,463
320,11.299,20260206_123457,327,Right,Operation,2.5,3,True,799,509
321,11.368,20260206_123457,329,Left,Delay,2.2,4,True,418,466
322,11.368,20260206_123457,329,Right,Operation,2.8,3,True,794,506
323,11.437,20260206_123457,331,Left,Delay,1.4,4,True,417,466
324,11.437,20260206_123457,331,Right,Operation,1.4,3,True,794,506
325,11.507,20260206_123457,333,Left,Delay,1.3,4,True,416,464
326,11.507,20260206_123457,333,Right,Operation,1.1,3,True,792,508
327,11.576,20260206_123457,335,Left,Delay,1.3,4,True,415,461
328,11.576,20260206_123457,335,Right,Operation,1.5,3,True,795,505
329,11.645,20260206_123457,337,Left,Delay,3.9,4,True,420,448
330,11.645,20260206_123457,337,Right,Operation,3.0,3,True,803,505
331,11.714,20260206_123457,339,Left,Delay,9.4,4,True,421,419
332,11.714,20260206_123457,339,Right,Operation,8.3,3,True,813,478
333,11.783,20260206_123457,341,Left,Operation,20.1,4,True,413,362
334,11.783,20260206_123457,341,Right,Operation,19.3,3,True,843,425
335,11.852,20260206_123457,343,Left,Transport,34.4,0,False,352,290
336,11.852,20260206_123457,343,Right,Transport,42.5,0,False,953,352
337,11.921,20260206_123457,345,Left,Transport,47.4,0,False,247,265
338,11.921,20260206_123457,345,Right,Transport,52.4,0,False,1045,328
339,11.990,20260206_123457,347,Left,Transport,56.9,0,False,148,288
340,11.990,20260206_123457,347,Right,Transport,50.6,0,False,1110,325
341,12.059,20260206_123457,349,Left,Transport,49.1,0,False,100,355
342,12.059,20260206_123457,349,Right,Transport,27.7,0,False,1137,322
343,12.129,20260206_123457,351,Left,Transport,39.7,0,False,143,395
344,12.129,20260206_123457,351,Right,Transport,12.9,0,False,1128,324
345,12.198,20260206_123457,353,Left,Transport,25.0,0,False,160,419
346,12.198,20260206_123457,353,Right,Transport,5.7,0,False,1118,325
347,12.267,20260206_123457,355,Left,Transport,15.7,0,False,188,415
348,12.267,20260206_123457,355,Right,Transport,6.3,0,False,1100,324
349,12.336,20260206_123457,357,Left,Transport,13.2,0,False,212,403
350,12.336,20260206_123457,357,Right,Transport,8.9,0,False,1083,323
351,12.405,20260206_123457,359,Left,Transport,12.8,0,False,229,394
352,12.405,20260206_123457,359,Right,Transport,11.2,0,False,1058,324
353,12.474,20260206_123457,361,Left,Transport,8.4,0,False,232,386
354,12.474,20260206_123457,361,Right,Transport,7.8,0,False,1055,326
355,12.543,20260206_123457,363,Left,Transport,4.4,0,False,231,382
356,12.543,20260206_123457,363,Right,Transport,3.9,0,False,1056,329
357,12.612,20260206_123457,365,Left,Transport,2.6,0,False,233,381
358,12.612,20260206_123457,365,Right,Transport,2.5,0,False,1050,333
359,12.681,20260206_123457,367,Left,Transport,2.4,0,False,237,380
360,12.681,20260206_123457,367,Right,Transport,3.4,0,False,1048,338
361,12.750,20260206_123457,369,Left,Transport,3.4,0,False,238,388
362,12.750,20260206_123457,369,Right,Transport,3.0,0,False,1046,343
363,12.820,20260206_123457,371,Left,Transport,2.6,0,False,237,386
364,12.820,20260206_123457,371,Right,Transport,3.6,0,False,1047,353
365,12.889,20260206_123457,373,Left,Transport,2.1,0,False,233,382
366,12.889,20260206_123457,373,Right,Transport,4.4,0,False,1054,354
367,12.958,20260206_123457,375,Left,Transport,2.3,0,False,231,381
368,12.958,20260206_123457,375,Right,Transport,5.4,0,False,1058,358
369,13.027,20260206_123457,377,Left,Transport,2.3,0,False,229,380
370,13.027,20260206_123457,377,Right,Transport,5.5,0,False,1063,350
371,13.096,20260206_123457,379,Left,Transport,6.3,0,False,205,389
372,13.096,20260206_123457,379,Right,Transport,6.2,0,False,1072,337
373,13.165,20260206_123457,381,Left,Transport,10.2,0,False,183,387
374,13.165,20260206_123457,381,Right,Transport,8.1,0,False,1062,322
375,13.234,20260206_123457,383,Left,Transport,11.0,0,False,161,382
376,13.234,20260206_123457,383,Right,Transport,8.0,0,False,1063,318
377,13.303,20260206_123457,385,Left,Transport,12.6,0,False,143,362
378,13.303,20260206_123457,385,Right,Transport,9.8,0,False,1063,299
379,13.372,20260206_123457,387,Left,Transport,9.8,0,False,144,343
380,13.372,20260206_123457,387,Right,Transport,17.5,0,False,1018,272
381,13.442,20260206_123457,389,Left,Transport,14.7,0,False,158,312
382,13.442,20260206_123457,389,Right,Transport,27.1,0,False,958,241
383,13.511,20260206_123457,391,Left,Transport,17.5,0,False,190,295
384,13.511,20260206_123457,391,Right,Transport,26.5,0,False,926,234
385,13.580,20260206_123457,393,Left,Transport,13.9,0,False,199,289
386,13.580,20260206_123457,393,Right,Transport,19.3,0,False,886,224
387,13.649,20260206_123457,395,Left,Transport,20.2,0,False,259,281
388,13.649,20260206_123457,395,Right,Transport,16.4,2,True,862,221
389,13.718,20260206_123457,397,Left,Transport,25.6,0,False,318,266
390,13.718,20260206_123457,397,Right,Operation,22.0,3,True,798,240
391,13.787,20260206_123457,399,Left,Transport,24.4,1,True,353,267
392,13.787,20260206_123457,399,Right,Operation,22.6,5,True,772,263
393,13.856,20260206_123457,401,Left,Transport,17.4,5,True,383,284
394,13.856,20260206_123457,401,Right,Operation,20.2,5,True,757,298
395,13.925,20260206_123457,403,Left,Operation,17.9,5,True,409,320
396,13.925,20260206_123457,403,Right,Operation,20.3,5,True,744,343
397,13.994,20260206_123457,405,Left,Operation,18.2,5,True,420,338
398,13.994,20260206_123457,405,Right,Operation,16.4,5,True,740,360
399,14.064,20260206_123457,407,Left,Operation,13.8,5,True,439,350
400,14.064,20260206_123457,407,Right,Operation,7.6,5,True,737,366
401,14.133,20260206_123457,409,Left,Operation,14.0,5,True,466,368
402,14.133,20260206_123457,409,Right,Operation,6.4,5,True,734,384
403,14.202,20260206_123457,411,Left,Operation,13.4,5,True,476,386
404,14.202,20260206_123457,411,Right,Operation,6.3,5,True,735,395
405,14.271,20260206_123457,413,Left,Operation,10.0,5,True,482,402
406,14.271,20260206_123457,413,Right,Operation,5.7,5,True,733,405
407,14.340,20260206_123457,415,Left,Operation,8.4,5,True,486,414
408,14.340,20260206_123457,415,Right,Operation,4.8,5,True,728,412
409,14.409,20260206_123457,417,Left,Operation,5.1,5,True,490,418
410,14.409,20260206_123457,417,Right,Operation,3.3,5,True,727,414
411,14.478,20260206_123457,419,Left,Operation,2.8,5,True,495,421
412,14.478,20260206_123457,419,Right,Operation,2.9,5,True,725,422
413,14.547,20260206_123457,421,Left,Operation,2.4,5,True,496,424
414,14.547,20260206_123457,421,Right,Operation,2.8,5,True,725,425
415,14.616,20260206_123457,423,Left,Operation,2.0,5,True,497,421
416,14.616,20260206_123457,423,Right,Operation,1.7,5,True,727,426
417,14.686,20260206_123457,425,Left,Operation,1.2,5,True,496,421
418,14.686,20260206_123457,425,Right,Operation,1.7,5,True,730,429
419,14.755,20260206_123457,427,Left,Operation,1.2,5,True,496,422
420,14.755,20260206_123457,427,Right,Operation,2.2,5,True,725,430
421,14.824,20260206_123457,429,Left,Operation,1.6,5,True,500,420
422,14.824,20260206_123457,429,Right,Operation,2.0,5,True,723,428
423,14.893,20260206_123457,431,Left,Operation,3.1,5,True,499,426
424,14.893,20260206_123457,431,Right,Operation,2.2,5,True,724,432
425,14.962,20260206_123457,433,Left,Operation,3.3,5,True,496,430
426,14.962,20260206_123457,433,Right,Operation,1.9,5,True,726,434
427,15.031,20260206_123457,435,Left,Operation,2.8,5,True,497,429
428,15.031,20260206_123457,435,Right,Operation,1.7,5,True,724,434
429,15.100,20260206_123457,437,Left,Operation,2.2,5,True,496,426
430,15.100,20260206_123457,437,Right,Delay,1.4,5,True,722,431
431,15.169,20260206_123457,439,Left,Operation,2.4,5,True,494,423
432,15.169,20260206_123457,439,Right,Delay,3.8,5,True,732,422
433,15.238,20260206_123457,441,Left,Operation,8.7,5,True,480,394
434,15.238,20260206_123457,441,Right,Operation,12.0,5,True,726,378
435,15.308,20260206_123457,443,Left,Operation,18.0,5,True,479,340
436,15.308,20260206_123457,443,Right,Operation,21.6,5,True,701,328
437,15.377,20260206_123457,445,Left,Operation,24.3,4,True,459,293
438,15.377,20260206_123457,445,Right,Operation,29.1,3,True,700,265
439,15.446,20260206_123457,447,Left,Operation,33.1,2,True,388,245
440,15.446,20260206_123457,447,Right,Operation,31.6,2,True,730,209
441,15.515,20260206_123457,449,Left,Transport,53.8,0,False,237,261
442,15.515,20260206_123457,449,Right,Transport,52.5,0,False,873,138
443,15.584,20260206_123457,451,Left,Transport,61.2,0,False,141,287
444,15.584,20260206_123457,451,Right,Transport,71.1,0,False,1031,164
445,15.653,20260206_123457,453,Left,Transport,56.3,0,False,106,354
446,15.653,20260206_123457,453,Right,Transport,80.9,0,False,1146,241
447,15.722,20260206_123457,455,Left,Transport,29.8,0,False,125,371
448,15.722,20260206_123457,455,Right,Transport,52.9,0,False,1156,280
449,15.791,20260206_123457,457,Left,Transport,20.9,0,False,153,395
450,15.791,20260206_123457,457,Right,Transport,27.5,0,False,1128,274
451,15.860,20260206_123457,459,Left,Transport,16.3,0,False,172,411
452,15.860,20260206_123457,459,Right,Transport,14.9,0,False,1107,284
453,15.929,20260206_123457,461,Left,Transport,14.2,0,False,185,426
454,15.929,20260206_123457,461,Right,Transport,15.5,0,False,1086,302
455,15.999,20260206_123457,463,Left,Transport,10.3,0,False,191,445
456,15.999,20260206_123457,463,Right,Transport,11.8,0,False,1079,321
457,16.068,20260206_123457,465,Left,Transport,10.8,0,False,198,467
458,16.068,20260206_123457,465,Right,Transport,11.0,0,False,1066,335
459,16.137,20260206_123457,467,Left,Transport,11.4,0,False,211,486
460,16.137,20260206_123457,467,Right,Transport,9.0,0,False,1056,352
461,16.206,20260206_123457,469,Left,Transport,8.9,0,False,216,491
462,16.206,20260206_123457,469,Right,Transport,7.5,0,False,1049,353
463,16.275,20260206_123457,471,Left,Transport,2.9,0,False,218,495
464,16.275,20260206_123457,471,Right,Transport,4.8,0,False,1045,363
465,16.344,20260206_123457,473,Left,Transport,2.0,0,False,217,493
466,16.344,20260206_123457,473,Right,Transport,3.9,0,False,1041,366
467,16.413,20260206_123457,475,Left,Transport,4.9,0,False,197,491
468,16.413,20260206_123457,475,Right,Transport,8.5,0,False,1071,370
469,16.482,20260206_123457,477,Left,Transport,10.7,0,False,167,484
470,16.482,20260206_123457,477,Right,Transport,14.4,0,False,1104,388
471,16.551,20260206_123457,479,Left,Transport,18.2,0,False,119,465
472,16.551,20260206_123457,479,Right,Transport,12.6,0,False,1099,394
473,16.621,20260206_123457,481,Left,Transport,22.1,0,False,90,441
474,16.621,20260206_123457,481,Right,Transport,11.3,0,False,1088,424
475,16.690,20260206_123457,483,Left,Transport,418.0,0,False,83,384
476,16.690,20260206_123457,483,Right,Transport,18.3,0,False,1047,449
477,16.759,20260206_123457,485,Left,Transport,416.0,0,False,86,354
478,16.759,20260206_123457,485,Right,Transport,23.4,0,False,1047,428
479,16.828,20260206_123457,487,Left,Transport,378.4,0,False,125,327
480,16.828,20260206_123457,487,Right,Transport,25.2,0,False,1018,428
481,16.897,20260206_123457,489,Left,Transport,391.4,0,False,210,287
482,16.897,20260206_123457,489,Right,Transport,14.1,0,False,1012,432
483,16.966,20260206_123457,491,Left,Transport,215.8,0,False,283,293
484,16.966,20260206_123457,491,Right,Transport,7.9,0,False,1010,431
485,17.035,20260206_123457,493,Left,Transport,31.7,1,True,331,306
486,17.035,20260206_123457,493,Right,Transport,2.0,0,False,1015,433
487,17.104,20260206_123457,495,Left,Transport,22.0,3,True,362,309
488,17.104,20260206_123457,495,Right,Transport,3.1,0,False,1024,434
489,17.173,20260206_123457,497,Left,Operation,16.0,4,True,384,325
490,17.173,20260206_123457,497,Right,Transport,7.7,0,False,1048,437
491,17.243,20260206_123457,499,Left,Operation,14.5,5,True,403,347
492,17.243,20260206_123457,499,Right,Transport,17.7,0,False,1101,417
493,17.312,20260206_123457,501,Left,Operation,11.6,5,True,410,357
494,17.312,20260206_123457,501,Right,Transport,27.2,0,False,1130,359
495,17.381,20260206_123457,503,Left,Operation,12.5,5,True,431,377
496,17.381,20260206_123457,503,Right,Transport,45.9,0,False,1068,255
497,17.450,20260206_123457,505,Left,Operation,9.5,5,True,437,386
498,17.450,20260206_123457,505,Right,Transport,54.2,0,False,965,206
499,17.519,20260206_123457,507,Left,Operation,8.1,5,True,442,393
500,17.519,20260206_123457,507,Right,Transport,57.8,0,False,879,196
501,17.588,20260206_123457,509,Left,Operation,4.0,5,True,442,399
502,17.588,20260206_123457,509,Right,Transport,38.6,3,True,831,199
503,17.657,20260206_123457,511,Left,Operation,3.5,5,True,439,402
504,17.657,20260206_123457,511,Right,Operation,28.7,5,True,789,235
505,17.726,20260206_123457,513,Left,Operation,3.5,5,True,436,406
506,17.726,20260206_123457,513,Right,Operation,27.2,5,True,759,282
507,17.795,20260206_123457,515,Left,Operation,2.5,5,True,434,408
508,17.795,20260206_123457,515,Right,Operation,29.3,5,True,744,338
509,17.865,20260206_123457,517,Left,Operation,2.0,5,True,438,410
510,17.865,20260206_123457,517,Right,Operation,23.0,5,True,742,366
511,17.934,20260206_123457,519,Left,Operation,2.0,5,True,442,411
512,17.934,20260206_123457,519,Right,Operation,11.7,5,True,746,381
513,18.003,20260206_123457,521,Left,Operation,2.4,5,True,446,412
514,18.003,20260206_123457,521,Right,Operation,7.9,5,True,751,392
515,18.072,20260206_123457,523,Left,Operation,1.8,5,True,448,414
516,18.072,20260206_123457,523,Right,Operation,5.5,5,True,754,401
517,18.141,20260206_123457,525,Left,Operation,1.7,5,True,448,416
518,18.141,20260206_123457,525,Right,Operation,4.1,5,True,754,406
519,18.210,20260206_123457,527,Left,Operation,0.6,5,True,448,416
520,18.210,20260206_123457,527,Right,Operation,2.9,5,True,754,409
521,18.279,20260206_123457,529,Left,Operation,1.2,5,True,445,418
522,18.279,20260206_123457,529,Right,Operation,2.0,5,True,753,413
523,18.348,20260206_123457,531,Left,Operation,1.8,5,True,448,420
524,18.348,20260206_123457,531,Right,Operation,2.3,5,True,750,414
525,18.417,20260206_123457,533,Left,Delay,2.2,5,True,450,420
526,18.417,20260206_123457,533,Right,Operation,1.6,5,True,749,414
527,18.486,20260206_123457,535,Left,Delay,2.0,5,True,450,418
528,18.486,20260206_123457,535,Right,Operation,0.8,5,True,751,414
529,18.556,20260206_123457,537,Left,Delay,1.0,5,True,450,417
530,18.556,20260206_123457,537,Right,Operation,0.8,5,True,751,412
531,18.625,20260206_123457,539,Left,Delay,1.3,5,True,450,413
532,18.625,20260206_123457,539,Right,Operation,1.8,5,True,754,415
533,18.694,20260206_123457,541,Left,Delay,4.9,5,True,450,394
534,18.694,20260206_123457,541,Right,Operation,5.2,5,True,760,401
535,18.763,20260206_123457,543,Left,Operation,13.2,5,True,453,350
536,18.763,20260206_123457,543,Right,Operation,14.2,5,True,749,353
537,18.832,20260206_123457,545,Left,Operation,20.4,5,True,442,304
538,18.832,20260206_123457,545,Right,Operation,24.5,5,True,734,293
539,18.901,20260206_123457,547,Left,Operation,25.8,5,True,408,261
540,18.901,20260206_123457,547,Right,Operation,29.6,3,True,746,240
541,18.970,20260206_123457,549,Left,Transport,36.9,0,False,311,225
542,18.970,20260206_123457,549,Right,Operation,39.8,1,True,836,173
543,19.039,20260206_123457,551,Left,Transport,45.6,0,False,219,235
544,19.039,20260206_123457,551,Right,Transport,48.9,0,False,938,174
545,19.108,20260206_123457,553,Left,Transport,58.5,0,False,134,345
546,19.108,20260206_123457,553,Right,Transport,61.0,0,False,1070,240
547,19.178,20260206_123457,555,Left,Transport,54.1,0,False,106,421
548,19.178,20260206_123457,555,Right,Transport,50.3,0,False,1096,284
549,19.247,20260206_123457,557,Left,Transport,40.8,0,False,110,456
550,19.247,20260206_123457,557,Right,Transport,35.2,0,False,1094,319
551,19.316,20260206_123457,559,Left,Transport,18.0,0,False,125,458
552,19.316,20260206_123457,559,Right,Transport,13.3,0,False,1097,328
553,19.385,20260206_123457,561,Left,Transport,10.0,0,False,138,455
554,19.385,20260206_123457,561,Right,Transport,10.2,0,False,1107,348
555,19.454,20260206_123457,563,Left,Transport,8.3,0,False,154,446
556,19.454,20260206_123457,563,Right,Transport,6.4,0,False,1108,351
557,19.523,20260206_123457,565,Left,Transport,6.9,0,False,157,449
558,19.523,20260206_123457,565,Right,Transport,6.7,0,False,1113,359
559,19.592,20260206_123457,567,Left,Transport,4.0,0,False,156,442
560,19.592,20260206_123457,567,Right,Transport,6.8,0,False,1117,371
561,19.661,20260206_123457,569,Left,Transport,3.2,0,False,159,439
562,19.661,20260206_123457,569,Right,Transport,4.4,0,False,1114,368
563,19.730,20260206_123457,571,Left,Transport,2.9,0,False,158,439
564,19.730,20260206_123457,571,Right,Transport,3.2,0,False,1111,368
565,19.800,20260206_123457,573,Left,Transport,5.6,0,False,143,452
566,19.800,20260206_123457,573,Right,Transport,3.3,0,False,1105,376
567,19.869,20260206_123457,575,Left,Transport,7.5,0,False,135,447
568,19.869,20260206_123457,575,Right,Transport,3.9,0,False,1104,382
569,19.938,20260206_123457,577,Left,Transport,9.4,0,False,117,438
570,19.938,20260206_123457,577,Right,Transport,5.6,0,False,1106,394
571,20.007,20260206_123457,579,Left,Transport,10.1,0,False,105,418
572,20.007,20260206_123457,579,Right,Transport,3.8,0,False,1105,393
573,20.076,20260206_123457,581,Left,Transport,16.8,0,False,123,377
574,20.076,20260206_123457,581,Right,Transport,1.7,0,False,1107,391
575,20.145,20260206_123457,583,Left,Transport,16.2,0,False,131,359
576,20.145,20260206_123457,583,Right,Transport,2.1,0,False,1110,387
577,20.214,20260206_123457,585,Left,Transport,21.6,0,False,181,327
578,20.214,20260206_123457,585,Right,Transport,11.8,0,False,1098,337
579,20.283,20260206_123457,587,Left,Transport,22.7,0,False,225,301
580,20.283,20260206_123457,587,Right,Transport,26.7,0,False,1071,261
581,20.352,20260206_123457,589,Left,Transport,26.4,0,False,270,281
582,20.352,20260206_123457,589,Right,Transport,39.1,0,False,1001,214
583,20.422,20260206_123457,591,Left,Transport,24.3,0,False,315,274
584,20.422,20260206_123457,591,Right,Transport,49.3,1,True,883,208
585,20.491,20260206_123457,593,Left,Transport,22.4,1,True,354,281
586,20.491,20260206_123457,593,Right,Transport,56.5,1,True,770,225
587,20.560,20260206_123457,595,Left,Operation,17.5,4,True,370,302
588,20.560,20260206_123457,595,Right,Operation,44.2,5,True,755,263
589,20.629,20260206_123457,597,Left,Operation,9.3,4,True,372,313
590,20.629,20260206_123457,597,Right,Operation,25.0,5,True,762,309
591,20.698,20260206_123457,599,Left,Operation,11.0,5,True,385,328
592,20.698,20260206_123457,599,Right,Operation,24.2,5,True,781,360
593,20.767,20260206_123457,601,Left,Operation,6.9,5,True,389,330
594,20.767,20260206_123457,601,Right,Operation,17.9,5,True,789,366
595,20.836,20260206_123457,603,Left,Operation,9.7,5,True,411,346
596,20.836,20260206_123457,603,Right,Operation,9.6,5,True,793,372
597,20.905,20260206_123457,605,Left,Operation,9.8,5,True,430,346
598,20.905,20260206_123457,605,Right,Operation,4.2,5,True,797,379
599,20.974,20260206_123457,607,Left,Operation,9.5,5,True,441,344
600,20.974,20260206_123457,607,Right,Operation,5.5,5,True,798,394
601,21.043,20260206_123457,609,Left,Operation,6.7,5,True,434,339
602,21.043,20260206_123457,609,Right,Operation,5.2,5,True,801,401
603,21.113,20260206_123457,611,Left,Operation,8.4,4,True,412,346
604,21.113,20260206_123457,611,Right,Operation,6.1,5,True,805,412
605,21.182,20260206_123457,613,Left,Operation,9.4,5,True,428,341
606,21.182,20260206_123457,613,Right,Operation,4.1,5,True,806,415
607,21.251,20260206_123457,615,Left,Operation,6.2,5,True,431,346
608,21.251,20260206_123457,615,Right,Operation,3.9,5,True,800,413
609,21.320,20260206_123457,617,Left,Operation,4.7,5,True,429,356
610,21.320,20260206_123457,617,Right,Operation,2.8,5,True,799,411
611,21.389,20260206_123457,619,Left,Operation,5.4,5,True,420,360
612,21.389,20260206_123457,619,Right,Operation,2.2,5,True,800,407
613,21.458,20260206_123457,621,Left,Operation,7.5,5,True,412,370
614,21.458,20260206_123457,621,Right,Operation,2.7,5,True,799,402
615,21.527,20260206_123457,623,Left,Operation,7.3,5,True,413,361
616,21.527,20260206_123457,623,Right,Operation,3.1,5,True,799,397
617,21.596,20260206_123457,625,Left,Operation,5.3,5,True,408,372
618,21.596,20260206_123457,625,Right,Operation,1.8,5,True,797,398
619,21.665,20260206_123457,627,Left,Operation,7.1,3,True,403,387
620,21.665,20260206_123457,627,Right,Operation,1.4,4,True,797,399
621,21.735,20260206_123457,629,Left,Operation,6.9,3,True,408,393
622,21.735,20260206_123457,629,Right,Operation,1.2,4,True,797,400
623,21.804,20260206_123457,631,Left,Operation,5.6,4,True,417,401
624,21.804,20260206_123457,631,Right,Operation,1.7,4,True,794,404
625,21.873,20260206_123457,633,Left,Operation,4.8,4,True,420,409
626,21.873,20260206_123457,633,Right,Delay,1.9,5,True,792,405
627,21.942,20260206_123457,635,Left,Operation,5.4,4,True,423,420
628,21.942,20260206_123457,635,Right,Delay,2.1,4,True,794,408
629,22.011,20260206_123457,637,Left,Delay,4.2,4,True,425,424
630,22.011,20260206_123457,637,Right,Delay,2.1,5,True,790,411
631,22.080,20260206_123457,639,Left,Delay,3.7,4,True,424,431
632,22.080,20260206_123457,639,Right,Delay,1.9,5,True,791,413
633,22.149,20260206_123457,641,Left,Delay,3.1,4,True,422,430
634,22.149,20260206_123457,641,Right,Delay,1.2,5,True,792,413
635,22.218,20260206_123457,643,Left,Delay,2.2,4,True,423,431
636,22.218,20260206_123457,643,Right,Delay,2.0,4,True,799,411
637,22.287,20260206_123457,645,Left,Delay,2.6,3,True,422,424
638,22.287,20260206_123457,645,Right,Delay,7.8,4,True,797,382
639,22.357,20260206_123457,647,Left,Operation,11.1,4,True,434,379
640,22.357,20260206_123457,647,Right,Operation,21.6,5,True,759,323
641,22.426,20260206_123457,649,Left,Operation,21.4,3,True,421,324
642,22.426,20260206_123457,649,Right,Operation,32.0,3,True,758,247
643,22.495,20260206_123457,651,Left,Operation,28.6,2,True,389,266
644,22.495,20260206_123457,651,Right,Operation,34.9,1,True,797,188
645,22.564,20260206_123457,653,Left,Transport,33.9,0,False,327,229
646,22.564,20260206_123457,653,Right,Transport,40.7,0,False,890,169
647,22.633,20260206_123457,655,Left,Transport,49.4,0,False,195,249
648,22.633,20260206_123457,655,Right,Transport,57.7,0,False,1033,222
649,22.702,20260206_123457,657,Left,Transport,51.6,0,False,128,291
650,22.702,20260206_123457,657,Right,Transport,54.2,0,False,1071,265
651,22.771,20260206_123457,659,Left,Transport,45.8,0,False,140,346
652,22.771,20260206_123457,659,Right,Transport,39.7,0,False,1075,303
653,22.840,20260206_123457,661,Left,Transport,27.2,0,False,179,365
654,22.840,20260206_123457,661,Right,Transport,15.7,0,False,1081,324
655,22.909,20260206_123457,663,Left,Transport,17.4,0,False,196,361
656,22.909,20260206_123457,663,Right,Transport,9.0,0,False,1081,327
657,22.979,20260206_123457,665,Left,Transport,8.3,0,False,199,359
658,22.979,20260206_123457,665,Right,Transport,5.0,0,False,1090,327
659,23.048,20260206_123457,667,Left,Transport,2.8,0,False,201,357
660,23.048,20260206_123457,667,Right,Transport,4.3,0,False,1092,334
661,23.117,20260206_123457,669,Left,Transport,1.8,0,False,205,360
662,23.117,20260206_123457,669,Right,Transport,5.1,0,False,1089,337
663,23.186,20260206_123457,671,Left,Transport,2.2,0,False,205,364
664,23.186,20260206_123457,671,Right,Transport,6.7,0,False,1094,336
665,23.255,20260206_123457,673,Left,Transport,3.0,0,False,200,365
666,23.255,20260206_123457,673,Right,Transport,7.1,0,False,1103,345
667,23.324,20260206_123457,675,Left,Transport,3.9,0,False,190,368
668,23.324,20260206_123457,675,Right,Transport,8.3,0,False,1119,357
669,23.393,20260206_123457,677,Left,Transport,5.6,0,False,177,363
670,23.393,20260206_123457,677,Right,Transport,7.7,0,False,1119,370
671,23.462,20260206_123457,679,Left,Transport,8.4,0,False,155,359
672,23.462,20260206_123457,679,Right,Transport,6.6,0,False,1121,363
673,23.531,20260206_123457,681,Left,Transport,11.1,0,False,131,350
674,23.531,20260206_123457,681,Right,Transport,5.3,0,False,1116,358
675,23.601,20260206_123457,683,Left,Transport,10.2,0,False,119,346
676,23.601,20260206_123457,683,Right,Transport,3.6,0,False,1114,366
677,23.670,20260206_123457,685,Left,Transport,7.8,0,False,122,336
678,23.670,20260206_123457,685,Right,Transport,6.6,0,False,1110,349
679,23.739,20260206_123457,687,Left,Transport,7.5,0,False,136,318
680,23.739,20260206_123457,687,Right,Transport,14.8,0,False,1070,320
681,23.808,20260206_123457,689,Left,Transport,13.7,0,False,171,310
682,23.808,20260206_123457,689,Right,Transport,26.8,0,False,1014,275
683,23.877,20260206_123457,691,Left,Transport,20.2,0,False,215,290
684,23.877,20260206_123457,691,Right,Transport,30.2,0,False,974,243
685,23.946,20260206_123457,693,Left,Transport,23.4,0,False,264,270
686,23.946,20260206_123457,693,Right,Transport,30.8,0,False,917,231
687,24.015,20260206_123457,695,Left,Transport,26.0,0,False,307,259
688,24.015,20260206_123457,695,Right,Transport,22.4,1,True,890,244
689,24.084,20260206_123457,697,Left,Transport,23.4,1,True,351,258
690,24.084,20260206_123457,697,Right,Transport,22.0,4,True,843,266
691,24.153,20260206_123457,699,Left,Operation,21.1,3,True,390,270
692,24.153,20260206_123457,699,Right,Operation,24.1,5,True,796,295
693,24.222,20260206_123457,701,Left,Operation,17.7,4,True,416,281
694,24.222,20260206_123457,701,Right,Operation,21.2,5,True,769,303
695,24.292,20260206_123457,703,Left,Operation,13.9,5,True,425,297
696,24.292,20260206_123457,703,Right,Operation,14.7,5,True,753,313
697,24.361,20260206_123457,705,Left,Operation,9.3,5,True,432,312
698,24.361,20260206_123457,705,Right,Operation,8.8,5,True,754,326
699,24.430,20260206_123457,707,Left,Operation,7.9,5,True,445,318
700,24.430,20260206_123457,707,Right,Operation,8.3,5,True,764,344
701,24.499,20260206_123457,709,Left,Operation,6.2,5,True,449,325
702,24.499,20260206_123457,709,Right,Operation,8.8,5,True,772,357
703,24.568,20260206_123457,711,Left,Operation,5.9,4,True,439,334
704,24.568,20260206_123457,711,Right,Operation,7.4,5,True,781,360
705,24.637,20260206_123457,713,Left,Operation,6.3,4,True,432,346
706,24.637,20260206_123457,713,Right,Operation,4.3,5,True,784,361
707,24.706,20260206_123457,715,Left,Operation,5.2,4,True,430,348
708,24.706,20260206_123457,715,Right,Operation,2.1,5,True,786,360
709,24.775,20260206_123457,717,Left,Operation,3.0,4,True,430,348
710,24.775,20260206_123457,717,Right,Operation,2.0,5,True,793,362
711,24.844,20260206_123457,719,Left,Operation,1.7,4,True,428,349
712,24.844,20260206_123457,719,Right,Operation,3.1,5,True,795,366
713,24.914,20260206_123457,721,Left,Operation,2.0,4,True,428,353
714,24.914,20260206_123457,721,Right,Operation,2.5,5,True,793,366
715,24.983,20260206_123457,723,Left,Operation,2.4,4,True,427,357
716,24.983,20260206_123457,723,Right,Operation,1.6,5,True,791,367
717,25.052,20260206_123457,725,Left,Operation,2.4,4,True,425,361
718,25.052,20260206_123457,725,Right,Operation,1.6,5,True,793,369
719,25.121,20260206_123457,727,Left,Operation,2.1,4,True,425,364
720,25.121,20260206_123457,727,Right,Operation,1.7,5,True,794,373
721,25.190,20260206_123457,729,Left,Operation,1.3,4,True,424,366
722,25.190,20260206_123457,729,Right,Operation,2.0,4,True,796,376
723,25.259,20260206_123457,731,Left,Operation,1.8,4,True,427,367
724,25.259,20260206_123457,731,Right,Operation,1.9,4,True,797,376
725,25.328,20260206_123457,733,Left,Operation,1.7,4,True,427,367
726,25.328,20260206_123457,733,Right,Operation,1.7,4,True,797,374
727,25.397,20260206_123457,735,Left,Delay,1.9,4,True,428,368
728,25.397,20260206_123457,735,Right,Delay,1.7,4,True,794,375
729,25.466,20260206_123457,737,Left,Delay,2.2,4,True,428,369
730,25.466,20260206_123457,737,Right,Delay,1.7,4,True,795,375
731,25.536,20260206_123457,739,Left,Delay,1.9,4,True,429,370
732,25.536,20260206_123457,739,Right,Delay,1.6,4,True,793,374
733,25.605,20260206_123457,741,Left,Delay,1.8,4,True,428,370
734,25.605,20260206_123457,741,Right,Delay,1.7,4,True,792,371
735,25.674,20260206_123457,743,Left,Delay,5.0,3,True,424,353
736,25.674,20260206_123457,743,Right,Delay,3.8,5,True,790,358
737,25.743,20260206_123457,745,Left,Operation,10.8,4,True,430,321
738,25.743,20260206_123457,745,Right,Delay,9.0,5,True,783,330
739,25.812,20260206_123457,747,Left,Operation,13.6,4,True,434,304
740,25.812,20260206_123457,747,Right,Operation,13.9,5,True,776,300
741,25.881,20260206_123457,749,Left,Operation,23.2,3,True,427,229
742,25.881,20260206_123457,749,Right,Operation,25.5,3,True,784,222
743,25.950,20260206_123457,751,Left,Operation,26.4,1,True,384,198
744,25.950,20260206_123457,751,Right,Operation,29.8,1,True,843,192
745,26.019,20260206_123457,753,Left,Transport,33.5,0,False,296,204
746,26.019,20260206_123457,753,Right,Transport,36.5,0,False,932,178
747,26.088,20260206_123457,755,Left,Transport,45.2,0,False,193,234
748,26.088,20260206_123457,755,Right,Transport,48.6,0,False,1041,208
749,26.158,20260206_123457,757,Left,Transport,50.5,0,False,122,297
750,26.158,20260206_123457,757,Right,Transport,47.1,0,False,1099,256
751,26.227,20260206_123457,759,Left,Transport,42.2,0,False,105,355
752,26.227,20260206_123457,759,Right,Transport,36.3,0,False,1107,306
753,26.296,20260206_123457,761,Left,Transport,27.5,0,False,120,381
754,26.296,20260206_123457,761,Right,Transport,21.5,0,False,1105,329
755,26.365,20260206_123457,763,Left,Transport,17.3,0,False,150,387
756,26.365,20260206_123457,763,Right,Transport,9.9,0,False,1109,333
757,26.434,20260206_123457,765,Left,Transport,12.5,0,False,163,377
758,26.434,20260206_123457,765,Right,Transport,4.4,0,False,1109,341
759,26.503,20260206_123457,767,Left,Transport,8.0,0,False,164,372
760,26.503,20260206_123457,767,Right,Transport,3.6,0,False,1114,337
761,26.572,20260206_123457,769,Left,Transport,3.3,0,False,160,371
762,26.572,20260206_123457,769,Right,Transport,3.6,0,False,1111,341
763,26.641,20260206_123457,771,Left,Transport,2.7,0,False,158,365
764,26.641,20260206_123457,771,Right,Transport,3.1,0,False,1107,344
765,26.710,20260206_123457,773,Left,Transport,3.0,0,False,153,362
766,26.710,20260206_123457,773,Right,Transport,3.6,0,False,1108,353
767,26.779,20260206_123457,775,Left,Transport,2.1,0,False,151,362
768,26.779,20260206_123457,775,Right,Transport,7.1,0,False,1113,374
769,26.849,20260206_123457,777,Left,Transport,3.0,0,False,149,355
770,26.849,20260206_123457,777,Right,Transport,6.7,0,False,1105,373
771,26.918,20260206_123457,779,Left,Transport,3.0,0,False,153,356
772,26.918,20260206_123457,779,Right,Transport,10.4,0,False,1086,390
773,26.987,20260206_123457,781,Left,Transport,2.5,0,False,156,356
774,26.987,20260206_123457,781,Right,Transport,10.9,0,False,1065,399
775,27.056,20260206_123457,783,Left,Transport,2.2,0,False,155,352
776,27.056,20260206_123457,783,Right,Transport,12.0,0,False,1043,385
777,27.125,20260206_123457,785,Left,Transport,2.9,0,False,154,345
778,27.125,20260206_123457,785,Right,Transport,9.5,0,False,1035,389
779,27.194,20260206_123457,787,Left,Transport,3.0,0,False,153,349
780,27.194,20260206_123457,787,Right,Transport,5.2,0,False,1035,389
781,27.263,20260206_123457,789,Left,Transport,3.2,0,False,147,347
782,27.263,20260206_123457,789,Right,Transport,4.7,0,False,1047,384
783,27.332,20260206_123457,791,Left,Transport,5.4,0,False,129,351
784,27.332,20260206_123457,791,Right,Transport,8.2,0,False,1072,381
785,27.401,20260206_123457,793,Left,Transport,11.1,0,False,98,345
786,27.401,20260206_123457,793,Right,Transport,13.9,0,False,1099,358
787,27.471,20260206_123457,795,Left,Transport,15.4,0,False,79,319
788,27.471,20260206_123457,795,Right,Transport,19.1,0,False,1131,325
789,27.540,20260206_123457,797,Left,Transport,17.5,0,False,77,281
790,27.540,20260206_123457,797,Right,Transport,19.4,0,False,1133,292
791,27.609,20260206_123457,799,Left,Transport,18.1,0,False,94,253
792,27.609,20260206_123457,799,Right,Transport,23.6,0,False,1104,248
793,27.678,20260206_123457,801,Left,Transport,20.8,0,False,145,243
794,27.678,20260206_123457,801,Right,Transport,26.2,0,False,1049,230
795,27.747,20260206_123457,803,Left,Transport,26.9,0,False,203,237
796,27.747,20260206_123457,803,Right,Transport,33.3,0,False,976,222
797,27.816,20260206_123457,805,Left,Transport,30.9,0,False,260,239
798,27.816,20260206_123457,805,Right,Transport,30.3,0,False,928,217
799,27.885,20260206_123457,807,Left,Transport,24.2,0,False,293,245
800,27.885,20260206_123457,807,Right,Transport,26.1,2,True,880,228
801,27.954,20260206_123457,809,Left,Transport,20.9,0,False,331,253
802,27.954,20260206_123457,809,Right,Operation,25.0,3,True,833,249
803,28.023,20260206_123457,811,Left,Transport,18.4,4,True,362,262
804,28.023,20260206_123457,811,Right,Operation,23.4,4,True,801,270
805,28.093,20260206_123457,813,Left,Operation,17.1,5,True,391,282
806,28.093,20260206_123457,813,Right,Operation,19.4,4,True,778,294
807,28.162,20260206_123457,815,Left,Operation,20.7,5,True,431,312
808,28.162,20260206_123457,815,Right,Operation,18.0,4,True,753,322
809,28.231,20260206_123457,817,Left,Operation,18.1,5,True,445,331
810,28.231,20260206_123457,817,Right,Operation,13.2,4,True,747,333
811,28.300,20260206_123457,819,Left,Operation,14.8,5,True,456,344
812,28.300,20260206_123457,819,Right,Operation,9.3,4,True,743,346
813,28.369,20260206_123457,821,Left,Operation,6.6,5,True,462,353
814,28.369,20260206_123457,821,Right,Operation,6.0,4,True,742,356
815,28.438,20260206_123457,823,Left,Operation,4.6,5,True,466,351
816,28.438,20260206_123457,823,Right,Operation,4.5,4,True,741,363
817,28.507,20260206_123457,825,Left,Operation,3.4,5,True,470,355
818,28.507,20260206_123457,825,Right,Operation,3.3,4,True,742,368
819,28.576,20260206_123457,827,Left,Operation,3.2,5,True,475,355
820,28.576,20260206_123457,827,Right,Operation,2.0,4,True,740,368
821,28.645,20260206_123457,829,Left,Operation,4.2,5,True,484,357
822,28.645,20260206_123457,829,Right,Operation,1.8,4,True,735,369
823,28.715,20260206_123457,831,Left,Operation,4.7,5,True,492,361
824,28.715,20260206_123457,831,Right,Operation,2.2,4,True,733,372
825,28.784,20260206_123457,833,Left,Operation,3.9,5,True,495,357
826,28.784,20260206_123457,833,Right,Operation,2.1,4,True,733,377
827,28.853,20260206_123457,835,Left,Operation,2.9,5,True,497,353
828,28.853,20260206_123457,835,Right,Operation,2.1,4,True,734,380
829,28.922,20260206_123457,837,Left,Operation,2.6,5,True,501,356
830,28.922,20260206_123457,837,Right,Operation,2.0,4,True,737,380
831,28.991,20260206_123457,839,Left,Operation,2.3,5,True,504,354
832,28.991,20260206_123457,839,Right,Operation,1.9,4,True,738,384
833,29.060,20260206_123457,841,Left,Operation,2.7,5,True,509,354
834,29.060,20260206_123457,841,Right,Operation,2.1,4,True,737,384
835,29.129,20260206_123457,843,Left,Operation,2.5,5,True,508,354
836,29.129,20260206_123457,843,Right,Operation,2.1,4,True,738,386
837,29.198,20260206_123457,845,Left,Operation,1.8,5,True,505,353
838,29.198,20260206_123457,845,Right,Operation,1.6,4,True,736,385
839,29.267,20260206_123457,847,Left,Operation,2.5,5,True,499,350
840,29.267,20260206_123457,847,Right,Operation,3.4,4,True,739,372
841,29.337,20260206_123457,849,Left,Delay,4.5,5,True,490,340
842,29.337,20260206_123457,849,Right,Operation,11.0,5,True,739,333
843,29.406,20260206_123457,851,Left,Delay,9.4,5,True,481,312
844,29.406,20260206_123457,851,Right,Operation,20.1,5,True,753,283
845,29.475,20260206_123457,853,Left,Operation,21.1,5,True,451,254
846,29.475,20260206_123457,853,Right,Operation,32.9,2,True,818,223
847,29.544,20260206_123457,855,Left,Operation,34.2,1,True,388,205
848,29.544,20260206_123457,855,Right,Transport,44.5,0,False,913,176
849,29.613,20260206_123457,857,Left,Transport,43.1,0,False,293,184
850,29.613,20260206_123457,857,Right,Transport,52.6,0,False,1022,198
851,29.682,20260206_123457,859,Left,Transport,51.1,0,False,183,225
852,29.682,20260206_123457,859,Right,Transport,49.5,0,False,1084,253
853,29.751,20260206_123457,861,Left,Transport,53.8,0,False,121,293
854,29.751,20260206_123457,861,Right,Transport,37.3,0,False,1097,297
855,29.820,20260206_123457,863,Left,Transport,39.5,0,False,114,335
856,29.820,20260206_123457,863,Right,Transport,21.7,0,False,1083,319
857,29.889,20260206_123457,865,Left,Transport,21.7,0,False,127,344
858,29.889,20260206_123457,865,Right,Transport,13.3,0,False,1082,335
859,29.958,20260206_123457,867,Left,Transport,10.1,0,False,143,334
860,29.958,20260206_123457,867,Right,Transport,7.8,0,False,1086,341
861,30.028,20260206_123457,869,Left,Transport,10.4,0,False,162,322
862,30.028,20260206_123457,869,Right,Transport,10.0,0,False,1084,372
863,30.097,20260206_123457,871,Left,Transport,7.7,0,False,164,322
864,30.097,20260206_123457,871,Right,Transport,15.6,0,False,1075,410
865,30.166,20260206_123457,873,Left,Transport,186.2,0,False,1082,432
866,30.235,20260206_123457,875,Left,Transport,370.1,0,False,166,317
867,30.235,20260206_123457,875,Right,Transport,18.2,0,False,1039,426
868,30.304,20260206_123457,877,Left,Transport,370.3,0,False,163,319
869,30.304,20260206_123457,877,Right,Transport,16.2,0,False,1051,436
870,30.373,20260206_123457,879,Left,Transport,181.1,0,False,1051,448
871,30.442,20260206_123457,881,Left,Transport,359.4,0,False,166,321
872,30.442,20260206_123457,881,Right,Transport,14.8,0,False,1016,444
873,30.511,20260206_123457,883,Left,Transport,360.3,0,False,173,324
874,30.511,20260206_123457,883,Right,Transport,10.1,0,False,1014,441
875,30.580,20260206_123457,885,Left,Transport,2.8,0,False,175,329
876,30.580,20260206_123457,885,Right,Transport,3.1,0,False,1014,439
877,30.650,20260206_123457,887,Left,Transport,3.3,0,False,179,331
878,30.650,20260206_123457,887,Right,Transport,3.4,0,False,1024,439
879,30.719,20260206_123457,889,Left,Transport,2.9,0,False,177,337
880,30.719,20260206_123457,889,Right,Transport,8.4,0,False,1051,429
881,30.788,20260206_123457,891,Left,Transport,6.3,0,False,156,336
882,30.788,20260206_123457,891,Right,Transport,14.1,0,False,1080,410
883,30.857,20260206_123457,893,Left,Transport,9.0,0,False,138,338
884,30.857,20260206_123457,893,Right,Transport,17.3,0,False,1108,392
885,30.926,20260206_123457,895,Left,Transport,9.7,0,False,119,335
886,30.926,20260206_123457,895,Right,Transport,23.0,0,False,1136,343
887,30.995,20260206_123457,897,Left,Transport,11.2,0,False,99,319
888,30.995,20260206_123457,897,Right,Transport,23.9,0,False,1131,298
889,31.064,20260206_123457,899,Left,Transport,13.2,0,False,93,291
890,31.064,20260206_123457,899,Right,Transport,29.7,0,False,1074,261
891,31.133,20260206_123457,901,Left,Transport,14.5,0,False,107,276
892,31.133,20260206_123457,901,Right,Transport,30.6,0,False,1010,257
893,31.202,20260206_123457,903,Left,Transport,22.0,0,False,161,256
894,31.202,20260206_123457,903,Right,Transport,33.6,0,False,946,269
895,31.272,20260206_123457,905,Left,Transport,29.4,0,False,228,238
896,31.272,20260206_123457,905,Right,Transport,30.7,2,True,894,284
897,31.341,20260206_123457,907,Left,Transport,33.9,0,False,301,228
898,31.341,20260206_123457,907,Right,Operation,26.4,3,True,851,300
899,31.410,20260206_123457,909,Left,Transport,34.5,3,True,366,244
900,31.410,20260206_123457,909,Right,Operation,24.4,4,True,806,319
901,31.479,20260206_123457,911,Left,Operation,32.2,5,True,414,275
902,31.479,20260206_123457,911,Right,Operation,20.1,4,True,784,336
903,31.548,20260206_123457,913,Left,Operation,27.0,5,True,437,311
904,31.548,20260206_123457,913,Right,Operation,13.4,4,True,778,352
905,31.617,20260206_123457,915,Left,Operation,20.4,5,True,447,337
906,31.617,20260206_123457,915,Right,Operation,8.0,4,True,778,363
907,31.686,20260206_123457,917,Left,Operation,11.2,5,True,449,346
908,31.686,20260206_123457,917,Right,Operation,5.4,3,True,781,370
909,31.755,20260206_123457,919,Left,Operation,5.4,5,True,448,352
910,31.755,20260206_123457,919,Right,Operation,3.8,3,True,781,375
911,31.824,20260206_123457,921,Left,Operation,3.5,5,True,446,359
912,31.824,20260206_123457,921,Right,Operation,3.0,4,True,779,379
913,31.894,20260206_123457,923,Left,Operation,3.3,5,True,445,366
914,31.894,20260206_123457,923,Right,Operation,3.2,4,True,776,386
915,31.963,20260206_123457,925,Left,Operation,2.6,5,True,447,368
916,31.963,20260206_123457,925,Right,Operation,3.8,4,True,769,390
917,32.032,20260206_123457,927,Left,Operation,3.0,5,True,455,372
918,32.032,20260206_123457,927,Right,Operation,3.1,4,True,768,393
919,32.101,20260206_123457,929,Left,Operation,4.1,5,True,462,367
920,32.101,20260206_123457,929,Right,Operation,1.7,4,True,767,393
921,32.170,20260206_123457,931,Left,Operation,4.5,5,True,466,364
922,32.170,20260206_123457,931,Right,Operation,1.6,4,True,767,394
923,32.239,20260206_123457,933,Left,Operation,3.9,5,True,463,356
924,32.239,20260206_123457,933,Right,Operation,1.5,4,True,767,395
925,32.308,20260206_123457,935,Left,Operation,2.8,5,True,461,356
926,32.308,20260206_123457,935,Right,Operation,1.6,4,True,765,395
927,32.377,20260206_123457,937,Left,Operation,2.1,5,True,462,356
928,32.377,20260206_123457,937,Right,Operation,2.1,4,True,763,394
929,32.446,20260206_123457,939,Left,Operation,1.7,5,True,462,358
930,32.446,20260206_123457,939,Right,Operation,2.1,4,True,764,391
931,32.515,20260206_123457,941,Left,Operation,2.0,5,True,459,355
932,32.515,20260206_123457,941,Right,Operation,3.0,4,True,769,384
933,32.585,20260206_123457,943,Left,Operation,3.0,5,True,460,350
934,32.585,20260206_123457,943,Right,Operation,6.0,4,True,772,363
935,32.654,20260206_123457,945,Left,Operation,9.7,4,True,453,314
936,32.654,20260206_123457,945,Right,Operation,13.8,3,True,790,324
937,32.723,20260206_123457,947,Left,Operation,19.6,4,True,428,265
938,32.723,20260206_123457,947,Right,Operation,25.2,2,True,846,284
939,32.792,20260206_123457,949,Left,Operation,27.7,2,True,382,219
940,32.792,20260206_123457,949,Right,Transport,38.8,0,False,944,271
941,32.861,20260206_123457,951,Left,Transport,35.4,0,False,314,185
942,32.861,20260206_123457,951,Right,Transport,47.7,0,False,1033,310
943,32.930,20260206_123457,953,Left,Transport,43.0,0,False,215,176
944,32.930,20260206_123457,953,Right,Transport,44.6,0,False,1064,376
945,32.999,20260206_123457,955,Left,Transport,47.4,0,False,120,219
946,32.999,20260206_123457,955,Right,Transport,35.0,0,False,1061,428
947,33.068,20260206_123457,957,Left,Transport,53.9,0,False,83,304
948,33.068,20260206_123457,957,Right,Transport,23.9,0,False,1043,460
949,33.137,20260206_123457,959,Left,Transport,36.9,0,False,88,327
950,33.137,20260206_123457,959,Right,Transport,16.5,0,False,1022,470
951,33.207,20260206_123457,961,Left,Transport,21.2,0,False,115,318
952,33.207,20260206_123457,961,Right,Transport,10.8,0,False,1023,484
953,33.276,20260206_123457,963,Left,Transport,11.7,0,False,139,313
954,33.276,20260206_123457,963,Right,Transport,7.1,0,False,1014,488
955,33.345,20260206_123457,965,Left,Transport,13.0,0,False,162,311
956,33.345,20260206_123457,965,Right,Transport,5.8,0,False,1009,488
957,33.414,20260206_123457,967,Left,Transport,180.1,0,False,1020,491
958,33.483,20260206_123457,969,Left,Transport,347.2,0,False,179,326
959,33.483,20260206_123457,969,Right,Transport,6.2,0,False,999,486
960,33.552,20260206_123457,971,Left,Transport,344.4,0,False,178,331
961,33.552,20260206_123457,971,Right,Transport,6.0,0,False,1004,476
962,33.621,20260206_123457,973,Left,Transport,2.4,0,False,175,331
963,33.621,20260206_123457,973,Right,Transport,5.2,0,False,1016,478
964,33.690,20260206_123457,975,Left,Transport,2.1,0,False,180,330
965,33.690,20260206_123457,975,Right,Transport,6.3,0,False,1029,479
966,33.759,20260206_123457,977,Left,Transport,2.1,0,False,182,333
967,33.759,20260206_123457,977,Right,Transport,7.8,0,False,1046,478
968,33.829,20260206_123457,979,Left,Transport,2.5,0,False,178,335
969,33.829,20260206_123457,979,Right,Transport,11.1,0,False,1064,455
970,33.898,20260206_123457,981,Left,Transport,3.4,0,False,171,336
971,33.898,20260206_123457,981,Right,Transport,13.5,0,False,1080,430
972,33.967,20260206_123457,983,Left,Transport,4.2,0,False,178,327
973,33.967,20260206_123457,983,Right,Transport,16.6,0,False,1093,393
974,34.036,20260206_123457,985,Left,Transport,4.4,0,False,179,330
975,34.036,20260206_123457,985,Right,Transport,18.0,0,False,1091,359
976,34.105,20260206_123457,987,Left,Transport,4.0,0,False,175,326
977,34.105,20260206_123457,987,Right,Transport,21.6,0,False,1057,320
978,34.174,20260206_123457,989,Left,Transport,2.1,0,False,176,324
979,34.174,20260206_123457,989,Right,Transport,24.9,0,False,1014,286
980,34.243,20260206_123457,991,Left,Transport,1.4,0,False,177,324
981,34.243,20260206_123457,991,Right,Transport,26.6,0,False,965,271
982,34.312,20260206_123457,993,Left,Transport,2.6,0,False,183,332
983,34.312,20260206_123457,993,Right,Transport,24.8,1,True,920,258
984,34.381,20260206_123457,995,Left,Transport,3.0,0,False,183,329
985,34.381,20260206_123457,995,Right,Transport,21.1,2,True,888,248
986,34.451,20260206_123457,997,Left,Transport,3.9,0,False,177,329
987,34.451,20260206_123457,997,Right,Operation,16.5,3,True,861,249
988,34.520,20260206_123457,999,Left,Transport,5.4,0,False,162,327
989,34.520,20260206_123457,999,Right,Operation,12.2,3,True,843,251
990,34.589,20260206_123457,1001,Left,Transport,10.3,0,False,139,309
991,34.589,20260206_123457,1001,Right,Operation,9.3,4,True,826,251
992,34.658,20260206_123457,1003,Left,Transport,12.5,0,False,120,295
993,34.658,20260206_123457,1003,Right,Operation,8.8,4,True,808,250
994,34.727,20260206_123457,1005,Left,Transport,10.7,0,False,109,296
995,34.727,20260206_123457,1005,Right,Operation,8.5,4,True,792,254
996,34.796,20260206_123457,1007,Left,Transport,11.1,0,False,121,268
997,34.796,20260206_123457,1007,Right,Operation,8.2,5,True,776,258
998,34.865,20260206_123457,1009,Left,Transport,17.9,0,False,164,238
999,34.865,20260206_123457,1009,Right,Operation,8.2,5,True,761,266
1000,34.934,20260206_123457,1011,Left,Transport,29.6,0,False,239,239
1001,34.934,20260206_123457,1011,Right,Operation,8.1,5,True,749,275
1002,35.003,20260206_123457,1013,Left,Transport,39.4,1,True,327,229
1003,35.003,20260206_123457,1013,Right,Operation,7.9,5,True,738,287
1004,35.072,20260206_123457,1015,Left,Transport,38.8,3,True,390,247
1005,35.072,20260206_123457,1015,Right,Operation,6.8,5,True,730,295
1006,35.142,20260206_123457,1017,Left,Operation,31.4,5,True,432,269
1007,35.142,20260206_123457,1017,Right,Operation,5.4,5,True,724,297
1008,35.211,20260206_123457,1019,Left,Operation,22.0,5,True,458,291
1009,35.211,20260206_123457,1019,Right,Operation,3.8,5,True,719,302
1010,35.280,20260206_123457,1021,Left,Operation,15.6,5,True,473,304
1011,35.280,20260206_123457,1021,Right,Operation,3.8,5,True,720,308
1012,35.349,20260206_123457,1023,Left,Operation,8.9,5,True,481,309
1013,35.349,20260206_123457,1023,Right,Operation,2.8,5,True,720,312
1014,35.418,20260206_123457,1025,Left,Operation,5.1,5,True,486,310
1015,35.418,20260206_123457,1025,Right,Operation,1.6,5,True,719,312
1016,35.487,20260206_123457,1027,Left,Operation,2.1,5,True,487,310
1017,35.487,20260206_123457,1027,Right,Operation,1.0,5,True,716,311
1018,35.556,20260206_123457,1029,Left,Operation,1.5,5,True,484,309
1019,35.556,20260206_123457,1029,Right,Operation,1.4,5,True,713,311
1020,35.625,20260206_123457,1031,Left,Operation,1.5,5,True,483,310
1021,35.625,20260206_123457,1031,Right,Delay,1.1,5,True,712,311
1022,35.694,20260206_123457,1033,Left,Operation,2.0,5,True,487,313
1023,35.694,20260206_123457,1033,Right,Delay,1.9,5,True,713,317
1024,35.764,20260206_123457,1035,Left,Operation,2.6,5,True,489,319
1025,35.764,20260206_123457,1035,Right,Delay,1.9,5,True,715,317
1026,35.833,20260206_123457,1037,Left,Operation,3.4,5,True,490,325
1027,35.833,20260206_123457,1037,Right,Delay,1.9,5,True,718,317
1028,35.902,20260206_123457,1039,Left,Operation,2.7,5,True,490,329
1029,35.902,20260206_123457,1039,Right,Delay,1.5,5,True,720,318
1030,35.971,20260206_123457,1041,Left,Operation,2.2,5,True,491,331
1031,35.971,20260206_123457,1041,Right,Delay,1.7,5,True,720,323
1032,36.040,20260206_123457,1043,Left,Operation,2.1,5,True,495,335
1033,36.040,20260206_123457,1043,Right,Delay,2.4,5,True,722,328
1034,36.109,20260206_123457,1045,Left,Operation,2.0,5,True,497,336
1035,36.109,20260206_123457,1045,Right,Delay,1.9,5,True,721,328
1036,36.178,20260206_123457,1047,Left,Operation,1.4,5,True,499,337
1037,36.178,20260206_123457,1047,Right,Delay,1.5,5,True,717,327
1038,36.247,20260206_123457,1049,Left,Operation,1.8,5,True,495,334
1039,36.247,20260206_123457,1049,Right,Delay,1.7,5,True,718,326
1040,36.316,20260206_123457,1051,Left,Operation,4.2,5,True,486,323
1041,36.316,20260206_123457,1051,Right,Delay,2.1,5,True,721,321
1042,36.386,20260206_123457,1053,Left,Delay,9.9,5,True,479,291
1043,36.386,20260206_123457,1053,Right,Delay,7.1,5,True,734,297
1044,36.455,20260206_123457,1055,Left,Operation,18.2,4,True,464,245
1045,36.455,20260206_123457,1055,Right,Operation,16.3,3,True,744,249
1046,36.524,20260206_123457,1057,Left,Operation,26.7,1,True,416,202
1047,36.524,20260206_123457,1057,Right,Operation,26.4,1,True,776,192
1048,36.593,20260206_123457,1059,Left,Transport,38.0,0,False,322,193
1049,36.593,20260206_123457,1059,Right,Transport,36.7,0,False,855,152
1050,36.662,20260206_123457,1061,Left,Transport,52.5,0,False,190,207
1051,36.662,20260206_123457,1061,Right,Transport,47.7,0,False,968,169
1052,36.731,20260206_123457,1063,Left,Transport,57.6,0,False,116,274
1053,36.731,20260206_123457,1063,Right,Transport,55.5,0,False,1065,233
1054,36.800,20260206_123457,1065,Left,Transport,46.6,0,False,94,336
1055,36.800,20260206_123457,1065,Right,Transport,49.3,0,False,1096,292
1056,36.869,20260206_123457,1067,Left,Transport,27.9,0,False,116,350
1057,36.869,20260206_123457,1067,Right,Transport,34.5,0,False,1089,340
1058,36.938,20260206_123457,1069,Left,Transport,13.8,0,False,135,353
1059,36.938,20260206_123457,1069,Right,Transport,17.6,0,False,1086,347
1060,37.008,20260206_123457,1071,Left,Transport,9.4,0,False,148,352
1061,37.008,20260206_123457,1071,Right,Transport,9.3,0,False,1088,362
1062,37.077,20260206_123457,1073,Left,Transport,6.9,0,False,152,357
1063,37.077,20260206_123457,1073,Right,Transport,6.8,0,False,1097,366
1064,37.146,20260206_123457,1075,Left,Transport,5.3,0,False,160,350
1065,37.146,20260206_123457,1075,Right,Transport,7.5,0,False,1108,382
1066,37.215,20260206_123457,1077,Left,Transport,3.4,0,False,159,348
1067,37.215,20260206_123457,1077,Right,Transport,7.3,0,False,1115,390
1068,37.284,20260206_123457,1079,Left,Transport,2.2,0,False,156,352
1069,37.284,20260206_123457,1079,Right,Transport,6.6,0,False,1120,396
1070,37.353,20260206_123457,1081,Left,Transport,2.0,0,False,154,349
1071,37.353,20260206_123457,1081,Right,Transport,4.3,0,False,1127,395
1072,37.422,20260206_123457,1083,Left,Transport,2.5,0,False,162,351
1073,37.422,20260206_123457,1083,Right,Transport,3.2,0,False,1132,397
1074,37.491,20260206_123457,1085,Left,Transport,4.0,0,False,169,353
1075,37.491,20260206_123457,1085,Right,Transport,4.2,0,False,1132,407
1076,37.560,20260206_123457,1087,Left,Transport,3.6,0,False,165,351
1077,37.560,20260206_123457,1087,Right,Transport,3.7,0,False,1131,413
1078,37.630,20260206_123457,1089,Left,Transport,3.3,0,False,158,353
1079,37.630,20260206_123457,1089,Right,Transport,3.6,0,False,1129,414
1080,37.699,20260206_123457,1091,Left,Transport,3.2,0,False,155,356
1081,37.699,20260206_123457,1091,Right,Transport,3.9,0,False,1127,418
1082,37.768,20260206_123457,1093,Left,Transport,3.3,0,False,154,355
1083,37.768,20260206_123457,1093,Right,Transport,3.6,0,False,1130,424
1084,37.837,20260206_123457,1095,Left,Transport,3.7,0,False,161,351
1085,37.837,20260206_123457,1095,Right,Transport,2.5,0,False,1129,425
1086,37.906,20260206_123457,1097,Left,Transport,3.3,0,False,162,347
1087,37.906,20260206_123457,1097,Right,Transport,3.4,0,False,1124,434
1088,37.975,20260206_123457,1099,Left,Transport,3.7,0,False,170,350
1089,37.975,20260206_123457,1099,Right,Transport,5.0,0,False,1117,431
1090,38.044,20260206_123457,1101,Left,Delay,4.0,0,False,171,352
1091,38.044,20260206_123457,1101,Right,Delay,5.0,0,False,1116,427
1092,38.113,20260206_123457,1103,Left,Delay,3.7,0,False,172,357
1093,38.113,20260206_123457,1103,Right,Delay,5.2,0,False,1109,418
1094,38.182,20260206_123457,1105,Left,Delay,3.6,0,False,177,359
1095,38.182,20260206_123457,1105,Right,Delay,6.7,0,False,1123,408
1096,38.251,20260206_123457,1107,Left,Delay,2.5,0,False,176,360
1097,38.251,20260206_123457,1107,Right,Delay,8.5,0,False,1129,394
1098,38.321,20260206_123457,1109,Left,Delay,2.4,0,False,172,361
1099,38.321,20260206_123457,1109,Right,Transport,11.9,0,False,1122,365
1100,38.390,20260206_123457,1111,Left,Delay,4.8,0,False,158,370
1101,38.390,20260206_123457,1111,Right,Transport,18.2,0,False,1078,341
1102,38.459,20260206_123457,1113,Left,Delay,7.7,0,False,143,373
1103,38.459,20260206_123457,1113,Right,Transport,20.8,0,False,1048,321
1104,38.528,20260206_123457,1115,Left,Delay,8.7,0,False,129,363
1105,38.528,20260206_123457,1115,Right,Transport,18.0,0,False,1033,300
1106,38.597,20260206_123457,1117,Left,Transport,10.4,0,False,119,341
1107,38.597,20260206_123457,1117,Right,Transport,15.3,0,False,1013,281
1108,38.666,20260206_123457,1119,Left,Transport,13.4,0,False,123,311
1109,38.666,20260206_123457,1119,Right,Transport,14.5,0,False,996,251
1110,38.735,20260206_123457,1121,Left,Transport,15.8,0,False,137,273
1111,38.735,20260206_123457,1121,Right,Transport,20.9,0,False,950,225
1112,38.804,20260206_123457,1123,Left,Transport,19.5,0,False,162,242
1113,38.804,20260206_123457,1123,Right,Transport,20.0,0,False,929,205
1114,38.873,20260206_123457,1125,Left,Transport,18.6,0,False,191,233
1115,38.873,20260206_123457,1125,Right,Transport,15.2,0,False,912,206
1116,38.943,20260206_123457,1127,Left,Transport,20.4,0,False,238,222
1117,38.943,20260206_123457,1127,Right,Transport,9.3,0,False,896,210
1118,39.012,20260206_123457,1129,Left,Transport,22.4,0,False,280,218
1119,39.012,20260206_123457,1129,Right,Transport,9.1,0,False,875,221
1120,39.081,20260206_123457,1131,Left,Transport,23.8,2,True,332,221
1121,39.081,20260206_123457,1131,Right,Transport,11.8,1,True,851,231
1122,39.150,20260206_123457,1133,Left,Transport,23.2,3,True,366,226
1123,39.150,20260206_123457,1133,Right,Operation,13.2,5,True,828,245
1124,39.219,20260206_123457,1135,Left,Operation,16.8,4,True,388,237
1125,39.219,20260206_123457,1135,Right,Operation,12.5,4,True,812,253
1126,39.288,20260206_123457,1137,Left,Operation,11.1,5,True,402,246
1127,39.288,20260206_123457,1137,Right,Operation,8.1,4,True,806,252
1128,39.357,20260206_123457,1139,Left,Operation,9.6,5,True,416,261
1129,39.357,20260206_123457,1139,Right,Operation,6.4,5,True,794,259
1130,39.426,20260206_123457,1141,Left,Operation,9.8,5,True,423,280
1131,39.426,20260206_123457,1141,Right,Operation,7.1,5,True,776,265
1132,39.495,20260206_123457,1143,Left,Operation,8.8,5,True,428,291
1133,39.495,20260206_123457,1143,Right,Operation,7.6,5,True,769,273
1134,39.565,20260206_123457,1145,Left,Operation,6.3,5,True,428,300
1135,39.565,20260206_123457,1145,Right,Operation,6.9,5,True,772,284
1136,39.634,20260206_123457,1147,Left,Operation,4.3,5,True,430,307
1137,39.634,20260206_123457,1147,Right,Operation,5.0,5,True,772,291
1138,39.703,20260206_123457,1149,Left,Operation,3.7,5,True,435,311
1139,39.703,20260206_123457,1149,Right,Operation,4.6,5,True,774,297
1140,39.772,20260206_123457,1151,Left,Operation,3.0,5,True,438,311
1141,39.772,20260206_123457,1151,Right,Operation,3.3,5,True,779,300
1142,39.841,20260206_123457,1153,Left,Operation,2.2,5,True,439,311
1143,39.841,20260206_123457,1153,Right,Operation,3.5,5,True,775,307
1144,39.910,20260206_123457,1155,Left,Operation,1.4,5,True,438,308
1145,39.910,20260206_123457,1155,Right,Operation,2.9,5,True,775,308
1146,39.979,20260206_123457,1157,Left,Operation,2.6,5,True,444,313
1147,39.979,20260206_123457,1157,Right,Operation,1.9,5,True,776,310
1148,40.048,20260206_123457,1159,Left,Operation,3.4,5,True,451,315
1149,40.048,20260206_123457,1159,Right,Operation,2.0,5,True,774,313
1150,40.117,20260206_123457,1161,Left,Operation,3.9,5,True,458,318
1151,40.117,20260206_123457,1161,Right,Operation,2.0,5,True,776,317
1152,40.187,20260206_123457,1163,Left,Operation,3.6,5,True,458,322
1153,40.187,20260206_123457,1163,Right,Operation,2.4,5,True,779,319
1154,40.256,20260206_123457,1165,Left,Operation,4.0,5,True,458,323
1155,40.256,20260206_123457,1165,Right,Operation,1.8,5,True,777,320
1156,40.325,20260206_123457,1167,Left,Operation,3.7,5,True,457,318
1157,40.325,20260206_123457,1167,Right,Delay,2.0,5,True,777,323
1158,40.394,20260206_123457,1169,Left,Delay,3.6,5,True,453,323
1159,40.394,20260206_123457,1169,Right,Delay,1.7,5,True,776,323
1160,40.463,20260206_123457,1171,Left,Delay,3.0,5,True,453,323
1161,40.463,20260206_123457,1171,Right,Delay,2.1,5,True,774,321
1162,40.532,20260206_123457,1173,Left,Delay,1.5,5,True,453,324
1163,40.532,20260206_123457,1173,Right,Delay,2.3,5,True,773,318
1164,40.601,20260206_123457,1175,Left,Delay,1.0,5,True,453,324
1165,40.601,20260206_123457,1175,Right,Delay,2.6,5,True,774,316
1166,40.670,20260206_123457,1177,Left,Delay,1.4,5,True,454,328
1167,40.670,20260206_123457,1177,Right,Delay,2.0,5,True,775,315
1168,40.739,20260206_123457,1179,Left,Delay,1.9,5,True,453,326
1169,40.739,20260206_123457,1179,Right,Delay,1.5,5,True,777,315
1170,40.808,20260206_123457,1181,Left,Delay,1.8,5,True,453,326
1171,40.808,20260206_123457,1181,Right,Delay,1.8,4,True,774,318
1172,40.878,20260206_123457,1183,Left,Delay,1.3,5,True,453,327
1173,40.878,20260206_123457,1183,Right,Delay,2.7,4,True,770,323
1174,40.947,20260206_123457,1185,Left,Delay,1.0,5,True,453,328
1175,40.947,20260206_123457,1185,Right,Delay,2.8,4,True,767,324
1176,41.016,20260206_123457,1187,Left,Delay,1.0,5,True,453,325
1177,41.016,20260206_123457,1187,Right,Delay,2.6,5,True,763,322
1178,41.085,20260206_123457,1189,Left,Delay,1.7,5,True,450,321
1179,41.085,20260206_123457,1189,Right,Delay,2.6,5,True,766,317
1180,41.154,20260206_123457,1191,Left,Delay,5.9,5,True,437,304
1181,41.154,20260206_123457,1191,Right,Delay,7.2,4,True,778,292
1182,41.223,20260206_123457,1193,Left,Operation,11.1,5,True,427,276
1183,41.223,20260206_123457,1193,Right,Operation,15.3,5,True,773,249
1184,41.292,20260206_123457,1195,Left,Operation,19.3,2,True,406,225
1185,41.292,20260206_123457,1195,Right,Transport,26.5,0,False,800,186
1186,41.361,20260206_123457,1197,Left,Transport,25.7,0,False,363,193
1187,41.361,20260206_123457,1197,Right,Transport,34.1,0,False,875,173
1188,41.430,20260206_123457,1199,Left,Transport,32.5,0,False,292,172
1189,41.430,20260206_123457,1199,Right,Transport,46.3,0,False,987,205
1190,41.500,20260206_123457,1201,Left,Transport,39.1,0,False,205,192
1191,41.500,20260206_123457,1201,Right,Transport,54.7,0,False,1072,280
1192,41.569,20260206_123457,1203,Left,Transport,44.3,0,False,149,259
1193,41.569,20260206_123457,1203,Right,Transport,50.9,0,False,1125,338
1194,41.638,20260206_123457,1205,Left,Transport,43.7,0,False,125,336
1195,41.638,20260206_123457,1205,Right,Transport,32.2,0,False,1139,358
1196,41.707,20260206_123457,1207,Left,Transport,29.2,0,False,131,355
1197,41.707,20260206_123457,1207,Right,Transport,16.1,0,False,1137,375
1198,41.776,20260206_123457,1209,Left,Transport,14.0,0,False,145,355
1199,41.776,20260206_123457,1209,Right,Transport,7.8,0,False,1135,379
1200,41.845,20260206_123457,1211,Left,Transport,8.5,0,False,160,353
1201,41.845,20260206_123457,1211,Right,Transport,4.6,0,False,1126,381
1202,41.914,20260206_123457,1213,Left,Transport,6.0,0,False,168,350
1203,41.914,20260206_123457,1213,Right,Transport,3.4,0,False,1122,385
1204,41.983,20260206_123457,1215,Left,Transport,5.9,0,False,174,341
1205,41.983,20260206_123457,1215,Right,Transport,3.0,0,False,1119,384
1206,42.052,20260206_123457,1217,Left,Transport,4.5,0,False,176,341
1207,42.052,20260206_123457,1217,Right,Transport,1.9,0,False,1116,386
1208,42.122,20260206_123457,1219,Left,Transport,4.2,0,False,172,341
1209,42.122,20260206_123457,1219,Right,Transport,2.9,0,False,1124,387
1210,42.191,20260206_123457,1221,Left,Transport,5.0,0,False,161,340
1211,42.191,20260206_123457,1221,Right,Transport,2.8,0,False,1125,392
1212,42.260,20260206_123457,1223,Left,Transport,6.6,0,False,151,335
1213,42.260,20260206_123457,1223,Right,Transport,3.1,0,False,1125,395
1214,42.329,20260206_123457,1225,Left,Transport,6.6,0,False,140,332
1215,42.329,20260206_123457,1225,Right,Transport,2.8,0,False,1132,399
1216,42.398,20260206_123457,1227,Left,Transport,5.8,0,False,131,335
1217,42.398,20260206_123457,1227,Right,Transport,2.9,0,False,1132,396
1218,42.467,20260206_123457,1229,Left,Transport,7.1,0,False,114,324
1219,42.467,20260206_123457,1229,Right,Transport,2.5,0,False,1128,395
1220,42.536,20260206_123457,1231,Left,Transport,12.4,0,False,86,302
1221,42.536,20260206_123457,1231,Right,Transport,2.1,0,False,1126,396
1222,42.605,20260206_123457,1233,Left,Transport,12.5,0,False,90,289
1223,42.605,20260206_123457,1233,Right,Transport,1.8,0,False,1126,394
1224,42.674,20260206_123457,1235,Left,Transport,9.9,0,False,101,294
1225,42.674,20260206_123457,1235,Right,Transport,2.0,0,False,1125,394
1226,42.744,20260206_123457,1237,Left,Transport,8.9,0,False,93,289
1227,42.744,20260206_123457,1237,Right,Delay,3.0,0,False,1127,393
1228,42.813,20260206_123457,1239,Left,Transport,15.4,0,False,133,273
1229,42.813,20260206_123457,1239,Right,Delay,4.4,0,False,1123,403
1230,42.882,20260206_123457,1241,Left,Transport,15.9,0,False,151,254
1231,42.882,20260206_123457,1241,Right,Delay,3.7,0,False,1124,405
1232,42.951,20260206_123457,1243,Left,Transport,13.0,0,False,173,252
1233,42.951,20260206_123457,1243,Right,Delay,2.5,0,False,1126,405
1234,43.020,20260206_123457,1245,Left,Transport,15.6,0,False,214,238
1235,43.020,20260206_123457,1245,Right,Delay,5.6,0,False,1130,381
1236,43.089,20260206_123457,1247,Left,Transport,17.8,0,False,250,234
1237,43.089,20260206_123457,1247,Right,Transport,15.9,0,False,1121,329
1238,43.158,20260206_123457,1249,Left,Transport,17.7,0,False,277,224
1239,43.158,20260206_123457,1249,Right,Transport,26.2,0,False,1077,287
1240,43.227,20260206_123457,1251,Left,Transport,12.7,0,False,291,224
1241,43.227,20260206_123457,1251,Right,Transport,29.0,0,False,1038,253
1242,43.296,20260206_123457,1253,Left,Transport,10.8,0,False,319,223
1243,43.296,20260206_123457,1253,Right,Transport,26.0,0,False,996,237
1244,43.365,20260206_123457,1255,Left,Transport,10.1,0,False,334,219
1245,43.365,20260206_123457,1255,Right,Transport,20.0,0,False,969,219
1246,43.435,20260206_123457,1257,Left,Transport,9.2,0,False,347,223
1247,43.435,20260206_123457,1257,Right,Transport,15.9,0,False,942,211
1248,43.504,20260206_123457,1259,Left,Transport,7.0,1,True,360,219
1249,43.504,20260206_123457,1259,Right,Transport,13.9,0,False,916,207
1250,43.573,20260206_123457,1261,Left,Transport,6.2,1,True,368,213
1251,43.573,20260206_123457,1261,Right,Transport,14.3,1,True,881,204
1252,43.642,20260206_123457,1263,Left,Operation,5.0,3,True,369,220
1253,43.642,20260206_123457,1263,Right,Transport,15.5,2,True,857,204
1254,43.711,20260206_123457,1265,Left,Operation,3.0,3,True,367,222
1255,43.711,20260206_123457,1265,Right,Transport,12.0,0,False,843,201
1256,43.780,20260206_123457,1267,Left,Operation,3.4,3,True,368,231
1257,43.780,20260206_123457,1267,Right,Transport,7.6,0,False,838,209
1258,43.849,20260206_123457,1269,Left,Operation,4.3,3,True,372,233
1259,43.849,20260206_123457,1269,Right,Transport,8.4,4,True,834,232
1260,43.918,20260206_123457,1271,Left,Operation,4.3,2,True,370,234
1261,43.918,20260206_123457,1271,Right,Operation,8.1,3,True,834,233
1262,43.987,20260206_123457,1273,Left,Operation,5.3,4,True,378,247
1263,43.987,20260206_123457,1273,Right,Operation,9.1,3,True,824,220
1264,44.057,20260206_123457,1275,Left,Operation,6.6,4,True,391,251
1265,44.057,20260206_123457,1275,Right,Operation,9.2,3,True,804,220
1266,44.126,20260206_123457,1277,Left,Operation,8.4,5,True,404,261
1267,44.126,20260206_123457,1277,Right,Operation,10.3,4,True,790,232
1268,44.195,20260206_123457,1279,Left,Operation,7.6,5,True,414,267
1269,44.195,20260206_123457,1279,Right,Operation,9.3,5,True,790,248
1270,44.264,20260206_123457,1281,Left,Operation,5.3,5,True,420,268
1271,44.264,20260206_123457,1281,Right,Operation,7.6,5,True,789,260
1272,44.333,20260206_123457,1283,Left,Operation,3.9,5,True,419,275
1273,44.333,20260206_123457,1283,Right,Operation,5.9,5,True,798,265
1274,44.402,20260206_123457,1285,Left,Operation,2.9,5,True,419,280
1275,44.402,20260206_123457,1285,Right,Operation,5.2,4,True,803,273
1276,44.471,20260206_123457,1287,Left,Delay,2.3,5,True,420,282
1277,44.471,20260206_123457,1287,Right,Operation,5.1,4,True,801,271
1278,44.540,20260206_123457,1289,Left,Delay,1.6,5,True,421,282
1279,44.540,20260206_123457,1289,Right,Operation,5.3,4,True,799,266
1280,44.609,20260206_123457,1291,Left,Delay,1.6,4,True,420,285
1281,44.609,20260206_123457,1291,Right,Operation,5.5,4,True,807,276
1282,44.679,20260206_123457,1293,Left,Delay,2.4,5,True,422,291
1283,44.679,20260206_123457,1293,Right,Operation,5.0,3,True,810,283
1284,44.748,20260206_123457,1295,Left,Delay,2.2,5,True,421,291
1285,44.748,20260206_123457,1295,Right,Operation,3.9,3,True,810,286
1286,44.817,20260206_123457,1297,Left,Delay,1.7,4,True,421,294
1287,44.817,20260206_123457,1297,Right,Operation,2.0,3,True,807,288
1288,44.886,20260206_123457,1299,Left,Delay,2.5,4,True,422,302
1289,44.886,20260206_123457,1299,Right,Operation,3.2,3,True,805,291
1290,44.955,20260206_123457,1301,Left,Delay,3.4,5,True,418,306
1291,44.955,20260206_123457,1301,Right,Operation,2.9,4,True,804,294
1292,45.024,20260206_123457,1303,Left,Delay,3.8,5,True,419,309
1293,45.024,20260206_123457,1303,Right,Operation,2.9,4,True,801,299
1294,45.093,20260206_123457,1305,Left,Delay,2.5,5,True,421,312
1295,45.093,20260206_123457,1305,Right,Operation,3.1,4,True,802,304
1296,45.162,20260206_123457,1307,Left,Delay,2.4,5,True,419,317
1297,45.162,20260206_123457,1307,Right,Delay,2.7,4,True,801,308
1298,45.231,20260206_123457,1309,Left,Delay,2.0,5,True,419,319
1299,45.231,20260206_123457,1309,Right,Delay,2.0,4,True,801,310
1300,45.301,20260206_123457,1311,Left,Delay,1.8,5,True,421,319
1301,45.301,20260206_123457,1311,Right,Delay,1.1,4,True,802,308
1302,45.370,20260206_123457,1313,Left,Delay,1.2,5,True,421,321
1303,45.370,20260206_123457,1313,Right,Delay,2.0,3,True,804,314
1304,45.439,20260206_123457,1315,Left,Delay,1.5,5,True,420,321
1305,45.439,20260206_123457,1315,Right,Delay,2.2,4,True,805,317
1306,45.508,20260206_123457,1317,Left,Delay,2.7,4,True,416,317
1307,45.508,20260206_123457,1317,Right,Delay,3.2,3,True,809,310
1308,45.577,20260206_123457,1319,Left,Delay,6.8,5,True,425,295
1309,45.577,20260206_123457,1319,Right,Delay,7.3,5,True,801,287
1310,45.646,20260206_123457,1321,Left,Operation,15.1,4,True,445,253
1311,45.646,20260206_123457,1321,Right,Operation,19.4,3,True,783,228
1312,45.715,20260206_123457,1323,Left,Operation,24.7,1,True,460,192
1313,45.715,20260206_123457,1323,Right,Operation,30.8,1,True,782,158
1314,45.784,20260206_123457,1325,Left,Transport,27.2,0,False,445,145
1315,45.784,20260206_123457,1325,Right,Transport,35.0,0,False,830,103
1316,45.853,20260206_123457,1327,Left,Transport,33.4,0,False,362,118
1317,45.853,20260206_123457,1327,Right,Transport,39.7,0,False,921,96
1318,45.923,20260206_123457,1329,Left,Transport,300.2,0,False,249,128
1319,45.923,20260206_123457,1329,Right,Transport,61.0,0,False,1045,155
1320,45.992,20260206_123457,1331,Left,Transport,306.7,0,False,144,186
1321,45.992,20260206_123457,1331,Right,Transport,65.4,0,False,1107,219
1322,46.061,20260206_123457,1333,Left,Transport,186.5,0,False,118,286
1323,46.061,20260206_123457,1333,Right,Transport,71.9,0,False,1132,328
1324,46.130,20260206_123457,1335,Left,Transport,42.9,0,False,113,330
1325,46.130,20260206_123457,1335,Right,Transport,49.5,0,False,1104,395
1326,46.199,20260206_123457,1337,Left,Transport,22.5,0,False,127,338
1327,46.199,20260206_123457,1337,Right,Transport,34.4,0,False,1083,425
1328,46.268,20260206_123457,1339,Left,Transport,7.6,0,False,133,341
1329,46.268,20260206_123457,1339,Right,Transport,23.2,0,False,1045,459
1330,46.337,20260206_123457,1341,Left,Transport,4.9,0,False,138,344
1331,46.337,20260206_123457,1341,Right,Transport,18.6,0,False,1024,474
1332,46.406,20260206_123457,1343,Left,Transport,4.5,0,False,146,347
1333,46.406,20260206_123457,1343,Right,Transport,11.4,0,False,1021,476
1334,46.475,20260206_123457,1345,Left,Transport,364.7,0,False,156,348
1335,46.475,20260206_123457,1345,Right,Transport,9.7,0,False,1012,487
1336,46.544,20260206_123457,1347,Left,Transport,364.9,0,False,159,359
1337,46.544,20260206_123457,1347,Right,Transport,5.1,0,False,1015,486
1338,46.614,20260206_123457,1349,Left,Transport,184.6,0,False,157,368
1339,46.614,20260206_123457,1349,Right,Transport,5.1,0,False,1022,489
1340,46.683,20260206_123457,1351,Left,Transport,4.5,0,False,161,369
1341,46.683,20260206_123457,1351,Right,Transport,2.8,0,False,1026,488
1342,46.752,20260206_123457,1353,Left,Transport,3.3,0,False,164,364
1343,46.752,20260206_123457,1353,Right,Transport,3.6,0,False,1031,481
1344,46.821,20260206_123457,1355,Left,Transport,3.5,0,False,165,361
1345,46.821,20260206_123457,1355,Right,Transport,7.3,0,False,1056,479
1346,46.890,20260206_123457,1357,Left,Transport,4.6,0,False,156,358
1347,46.890,20260206_123457,1357,Right,Transport,12.6,0,False,1076,454
1348,46.959,20260206_123457,1359,Left,Transport,5.3,0,False,150,353
1349,46.959,20260206_123457,1359,Right,Transport,17.6,0,False,1102,424
1350,47.028,20260206_123457,1361,Left,Transport,9.4,0,False,154,324
1351,47.028,20260206_123457,1361,Right,Transport,23.1,0,False,1114,368
1352,47.097,20260206_123457,1363,Left,Transport,17.2,0,False,172,279
1353,47.097,20260206_123457,1363,Right,Transport,30.6,0,False,1102,297
1354,47.166,20260206_123457,1365,Left,Transport,21.8,0,False,204,251
1355,47.166,20260206_123457,1365,Right,Transport,35.5,0,False,1061,235
1356,47.236,20260206_123457,1367,Left,Transport,20.8,0,False,233,226
1357,47.236,20260206_123457,1367,Right,Transport,36.1,0,False,1001,196
1358,47.305,20260206_123457,1369,Left,Transport,19.6,0,False,258,199
1359,47.305,20260206_123457,1369,Right,Transport,35.0,0,False,945,160
1360,47.374,20260206_123457,1371,Left,Transport,18.2,0,False,289,183
1361,47.374,20260206_123457,1371,Right,Transport,33.4,0,False,883,146
1362,47.443,20260206_123457,1373,Left,Transport,18.9,0,False,327,194
1363,47.443,20260206_123457,1373,Right,Transport,31.7,0,False,821,155
1364,47.512,20260206_123457,1375,Left,Transport,20.0,1,True,369,209
1365,47.512,20260206_123457,1375,Right,Transport,29.4,0,False,777,182
1366,47.581,20260206_123457,1377,Left,Transport,21.0,2,True,402,225
1367,47.581,20260206_123457,1377,Right,Transport,23.1,2,True,758,206
1368,47.650,20260206_123457,1379,Left,Operation,16.0,4,True,418,243
1369,47.650,20260206_123457,1379,Right,Operation,16.5,4,True,747,228
1370,47.719,20260206_123457,1381,Left,Operation,12.6,4,True,439,246
1371,47.719,20260206_123457,1381,Right,Operation,10.6,5,True,739,243
1372,47.788,20260206_123457,1383,Left,Operation,10.2,4,True,456,251
1373,47.788,20260206_123457,1383,Right,Operation,8.6,5,True,737,256
1374,47.858,20260206_123457,1385,Left,Operation,8.0,5,True,465,260
1375,47.858,20260206_123457,1385,Right,Operation,6.4,5,True,730,267
1376,47.927,20260206_123457,1387,Left,Operation,6.5,5,True,472,267
1377,47.927,20260206_123457,1387,Right,Operation,5.1,5,True,728,273
1378,47.996,20260206_123457,1389,Left,Operation,4.5,5,True,474,271
1379,47.996,20260206_123457,1389,Right,Operation,2.6,5,True,728,274
1380,48.065,20260206_123457,1391,Left,Operation,2.9,5,True,476,274
1381,48.065,20260206_123457,1391,Right,Operation,1.0,5,True,728,275
1382,48.134,20260206_123457,1393,Left,Operation,2.5,5,True,480,278
1383,48.134,20260206_123457,1393,Right,Operation,0.8,5,True,728,277
1384,48.203,20260206_123457,1395,Left,Operation,2.7,5,True,485,282
1385,48.203,20260206_123457,1395,Right,Operation,1.4,5,True,730,280
1386,48.272,20260206_123457,1397,Left,Operation,2.7,5,True,487,283
1387,48.272,20260206_123457,1397,Right,Operation,1.9,5,True,733,282
1388,48.341,20260206_123457,1399,Left,Operation,1.8,5,True,488,284
1389,48.341,20260206_123457,1399,Right,Operation,1.2,5,True,733,283
1390,48.410,20260206_123457,1401,Left,Operation,1.6,5,True,490,287
1391,48.410,20260206_123457,1401,Right,Operation,1.4,5,True,731,286
1392,48.480,20260206_123457,1403,Left,Operation,1.4,5,True,490,288
1393,48.480,20260206_123457,1403,Right,Operation,1.4,5,True,730,285
1394,48.549,20260206_123457,1405,Left,Operation,0.8,5,True,491,288
1395,48.549,20260206_123457,1405,Right,Operation,1.8,5,True,731,281
1396,48.618,20260206_123457,1407,Left,Operation,2.5,5,True,483,280
1397,48.618,20260206_123457,1407,Right,Operation,2.5,5,True,733,274
1398,48.687,20260206_123457,1409,Left,Operation,7.8,4,True,473,255
1399,48.687,20260206_123457,1409,Right,Operation,6.6,4,True,741,252
1400,48.756,20260206_123457,1411,Left,Operation,16.5,2,True,476,210
1401,48.756,20260206_123457,1411,Right,Operation,12.6,2,True,748,218
1402,48.825,20260206_123457,1413,Left,Transport,25.0,0,False,442,157
1403,48.825,20260206_123457,1413,Right,Transport,21.1,0,False,767,166
1404,48.894,20260206_123457,1415,Left,Transport,35.0,0,False,358,133
1405,48.894,20260206_123457,1415,Right,Transport,28.5,0,False,818,122
1406,48.963,20260206_123457,1417,Left,Transport,49.6,0,False,233,157
1407,48.963,20260206_123457,1417,Right,Transport,38.4,0,False,912,115
1408,49.032,20260206_123457,1419,Left,Transport,57.1,0,False,142,206
1409,49.032,20260206_123457,1419,Right,Transport,52.0,0,False,1033,148
1410,49.101,20260206_123457,1421,Left,Transport,45.8,0,False,123,253
1411,49.101,20260206_123457,1421,Right,Transport,56.4,0,False,1108,213
1412,49.171,20260206_123457,1423,Left,Transport,26.3,0,False,148,274
1413,49.171,20260206_123457,1423,Right,Transport,51.7,0,False,1151,296
1414,49.240,20260206_123457,1425,Left,Transport,17.0,0,False,171,299
1415,49.240,20260206_123457,1425,Right,Transport,42.1,0,False,1139,370
1416,49.309,20260206_123457,1427,Left,Transport,12.2,0,False,182,302
1417,49.309,20260206_123457,1427,Right,Transport,36.8,0,False,1099,419
1418,49.378,20260206_123457,1429,Left,Transport,7.3,0,False,185,306
1419,49.378,20260206_123457,1429,Right,Transport,33.0,0,False,1049,464
1420,49.447,20260206_123457,1431,Left,Transport,5.2,0,False,191,316
1421,49.447,20260206_123457,1431,Right,Transport,28.0,0,False,1010,495
1422,49.516,20260206_123457,1433,Left,Transport,5.1,0,False,196,326
1423,49.516,20260206_123457,1433,Right,Transport,21.4,0,False,1007,513
1424,49.585,20260206_123457,1435,Left,Transport,5.0,0,False,197,333
1425,49.585,20260206_123457,1435,Right,Transport,12.7,0,False,1022,521
1426,49.654,20260206_123457,1437,Left,Transport,3.6,0,False,195,336
1427,49.654,20260206_123457,1437,Right,Transport,11.4,0,False,1003,523
1428,49.723,20260206_123457,1439,Left,Transport,3.1,0,False,190,333
1429,49.723,20260206_123457,1439,Right,Transport,10.7,0,False,1011,511
1430,49.793,20260206_123457,1441,Left,Transport,4.3,0,False,195,343
1431,49.793,20260206_123457,1441,Right,Transport,7.3,0,False,1022,500
1432,49.862,20260206_123457,1443,Left,Transport,5.3,0,False,186,341
1433,49.862,20260206_123457,1443,Right,Transport,10.4,0,False,1050,490
1434,49.931,20260206_123457,1445,Left,Transport,8.4,0,False,166,331
1435,49.931,20260206_123457,1445,Right,Transport,15.0,0,False,1069,465
1436,50.000,20260206_123457,1447,Left,Transport,9.0,0,False,154,322
1437,50.000,20260206_123457,1447,Right,Transport,22.6,0,False,1090,405
1438,50.069,20260206_123457,1449,Left,Transport,8.2,0,False,152,308
1439,50.069,20260206_123457,1449,Right,Transport,36.3,0,False,1069,311
1440,50.138,20260206_123457,1451,Left,Transport,10.3,0,False,148,282
1441,50.138,20260206_123457,1451,Right,Transport,44.6,0,False,1025,235
1442,50.207,20260206_123457,1453,Left,Transport,13.7,0,False,175,263
1443,50.207,20260206_123457,1453,Right,Transport,46.0,0,False,961,173
1444,50.276,20260206_123457,1455,Left,Transport,16.3,0,False,208,243
1445,50.276,20260206_123457,1455,Right,Transport,39.3,0,False,906,143
1446,50.345,20260206_123457,1457,Left,Transport,19.7,0,False,238,220
1447,50.345,20260206_123457,1457,Right,Transport,29.9,0,False,870,129
1448,50.415,20260206_123457,1459,Left,Transport,22.8,0,False,286,193
1449,50.415,20260206_123457,1459,Right,Transport,20.9,0,False,840,145
1450,50.484,20260206_123457,1461,Left,Transport,25.5,1,True,336,185
1451,50.484,20260206_123457,1461,Right,Transport,16.8,1,True,825,173
1452,50.553,20260206_123457,1463,Left,Transport,25.4,1,True,382,193
1453,50.553,20260206_123457,1463,Right,Transport,17.9,1,True,794,196
1454,50.622,20260206_123457,1465,Left,Operation,22.0,1,True,414,213
1455,50.622,20260206_123457,1465,Right,Operation,16.9,3,True,779,216
1456,50.691,20260206_123457,1467,Left,Operation,18.9,2,True,438,239
1457,50.691,20260206_123457,1467,Right,Operation,12.1,3,True,775,232
1458,50.760,20260206_123457,1469,Left,Operation,15.5,4,True,453,257
1459,50.760,20260206_123457,1469,Right,Operation,8.8,3,True,768,247
1460,50.829,20260206_123457,1471,Left,Operation,11.3,4,True,466,265
1461,50.829,20260206_123457,1471,Right,Operation,7.7,5,True,772,260
1462,50.898,20260206_123457,1473,Left,Operation,6.9,5,True,467,272
1463,50.898,20260206_123457,1473,Right,Operation,6.2,5,True,770,267
1464,50.967,20260206_123457,1475,Left,Operation,4.5,5,True,462,276
1465,50.967,20260206_123457,1475,Right,Operation,3.1,5,True,772,268
1466,51.037,20260206_123457,1477,Left,Operation,3.6,5,True,456,279
1467,51.037,20260206_123457,1477,Right,Operation,2.5,5,True,774,272
1468,51.106,20260206_123457,1479,Left,Operation,2.5,5,True,455,281
1469,51.106,20260206_123457,1479,Right,Operation,2.4,5,True,772,276
1470,51.175,20260206_123457,1481,Left,Operation,2.3,5,True,453,281
1471,51.175,20260206_123457,1481,Right,Operation,1.9,5,True,773,277
1472,51.244,20260206_123457,1483,Left,Operation,2.3,5,True,453,284
1473,51.244,20260206_123457,1483,Right,Operation,2.0,5,True,771,278
1474,51.313,20260206_123457,1485,Left,Operation,3.1,5,True,457,281
1475,51.313,20260206_123457,1485,Right,Operation,1.8,5,True,774,278
1476,51.382,20260206_123457,1487,Left,Operation,2.7,5,True,455,280
1477,51.382,20260206_123457,1487,Right,Operation,2.6,4,True,782,277
1478,51.451,20260206_123457,1489,Left,Operation,1.0,5,True,456,281
1479,51.451,20260206_123457,1489,Right,Operation,3.1,4,True,786,274
1480,51.520,20260206_123457,1491,Left,Operation,1.7,5,True,454,281
1481,51.520,20260206_123457,1491,Right,Operation,2.4,4,True,786,277
1482,51.589,20260206_123457,1493,Left,Operation,3.3,5,True,458,287
1483,51.589,20260206_123457,1493,Right,Operation,2.1,4,True,784,283
1484,51.659,20260206_123457,1495,Left,Operation,2.9,5,True,459,290
1485,51.659,20260206_123457,1495,Right,Operation,2.9,4,True,782,288
1486,51.728,20260206_123457,1497,Left,Operation,2.3,5,True,460,289
1487,51.728,20260206_123457,1497,Right,Delay,2.7,4,True,778,287
1488,51.797,20260206_123457,1499,Left,Operation,2.3,5,True,460,288
1489,51.797,20260206_123457,1499,Right,Delay,1.9,4,True,778,285
1490,51.866,20260206_123457,1501,Left,Delay,1.6,5,True,459,289
1491,51.866,20260206_123457,1501,Right,Delay,2.1,4,True,781,281
1492,51.935,20260206_123457,1503,Left,Delay,1.7,5,True,460,285
1493,51.935,20260206_123457,1503,Right,Delay,3.1,4,True,783,273
1494,52.004,20260206_123457,1505,Left,Delay,3.3,5,True,460,274
1495,52.004,20260206_123457,1505,Right,Delay,8.1,4,True,790,245
1496,52.073,20260206_123457,1507,Left,Delay,5.9,5,True,460,258
1497,52.073,20260206_123457,1507,Right,Operation,15.4,2,True,787,203
1498,52.142,20260206_123457,1509,Left,Operation,14.1,1,True,460,208
1499,52.142,20260206_123457,1509,Right,Transport,24.3,0,False,791,141
1500,52.211,20260206_123457,1511,Left,Transport,24.8,0,False,446,144
1501,52.211,20260206_123457,1511,Right,Transport,29.3,0,False,833,99
1502,52.280,20260206_123457,1513,Left,Transport,29.2,0,False,403,116
1503,52.280,20260206_123457,1513,Right,Transport,32.3,0,False,896,98
1504,52.350,20260206_123457,1515,Left,Transport,37.3,0,False,313,118
1505,52.350,20260206_123457,1515,Right,Transport,44.1,0,False,986,173
1506,52.419,20260206_123457,1517,Left,Transport,57.7,0,False,155,155
1507,52.419,20260206_123457,1517,Right,Transport,56.5,0,False,1080,260
1508,52.488,20260206_123457,1519,Left,Transport,63.8,0,False,90,242
1509,52.488,20260206_123457,1519,Right,Transport,61.4,0,False,1125,369
1510,52.557,20260206_123457,1521,Left,Transport,56.6,0,False,87,339
1511,52.557,20260206_123457,1521,Right,Transport,55.2,0,False,1103,461
1512,52.626,20260206_123457,1523,Left,Transport,42.5,0,False,109,392
1513,52.626,20260206_123457,1523,Right,Transport,44.1,0,False,1067,500
1514,52.695,20260206_123457,1525,Left,Transport,25.9,0,False,131,404
1515,52.695,20260206_123457,1525,Right,Transport,23.6,0,False,1050,523
1516,52.764,20260206_123457,1527,Left,Transport,13.0,0,False,146,409
1517,52.764,20260206_123457,1527,Right,Transport,14.4,0,False,1043,537
1518,52.833,20260206_123457,1529,Left,Transport,8.5,0,False,160,416
1519,52.833,20260206_123457,1529,Right,Transport,7.5,0,False,1037,540
1520,52.902,20260206_123457,1531,Left,Transport,6.1,0,False,166,421
1521,52.902,20260206_123457,1531,Right,Transport,3.9,0,False,1034,543
1522,52.972,20260206_123457,1533,Left,Transport,4.4,0,False,168,421
1523,52.972,20260206_123457,1533,Right,Transport,2.5,0,False,1031,544
1524,53.041,20260206_123457,1535,Left,Transport,2.2,0,False,170,423
1525,53.041,20260206_123457,1535,Right,Transport,2.0,0,False,1027,545
1526,53.110,20260206_123457,1537,Left,Transport,3.3,0,False,170,420
1527,53.110,20260206_123457,1537,Right,Transport,4.9,0,False,1015,540
1528,53.179,20260206_123457,1539,Left,Transport,4.2,0,False,166,421
1529,53.179,20260206_123457,1539,Right,Transport,5.7,0,False,1016,535
1530,53.248,20260206_123457,1541,Left,Transport,3.4,0,False,165,418
1531,53.248,20260206_123457,1541,Right,Transport,5.0,0,False,1012,532
1532,53.317,20260206_123457,1543,Left,Transport,3.9,0,False,160,419
1533,53.317,20260206_123457,1543,Right,Transport,3.2,0,False,1013,530
1534,53.386,20260206_123457,1545,Left,Transport,3.3,0,False,160,415
1535,53.386,20260206_123457,1545,Right,Transport,3.2,0,False,1014,529
1536,53.455,20260206_123457,1547,Left,Transport,3.8,0,False,156,409
1537,53.455,20260206_123457,1547,Right,Transport,6.4,0,False,1032,516
1538,53.524,20260206_123457,1549,Left,Transport,4.9,0,False,146,400
1539,53.524,20260206_123457,1549,Right,Transport,13.1,0,False,1064,492
1540,53.594,20260206_123457,1551,Left,Transport,8.2,0,False,129,388
1541,53.594,20260206_123457,1551,Right,Transport,19.9,0,False,1093,457
1542,53.663,20260206_123457,1553,Left,Transport,12.4,0,False,112,360
1543,53.663,20260206_123457,1553,Right,Transport,23.4,0,False,1108,405
1544,53.732,20260206_123457,1555,Left,Transport,12.6,0,False,103,345
1545,53.732,20260206_123457,1555,Right,Transport,27.2,0,False,1117,347
1546,53.801,20260206_123457,1557,Left,Transport,11.6,0,False,104,325
1547,53.801,20260206_123457,1557,Right,Transport,27.6,0,False,1112,297
1548,53.870,20260206_123457,1559,Left,Transport,12.1,0,False,123,293
1549,53.870,20260206_123457,1559,Right,Transport,27.3,0,False,1082,250
1550,53.939,20260206_123457,1561,Left,Transport,19.6,0,False,161,264
1551,53.939,20260206_123457,1561,Right,Transport,28.6,0,False,1027,217
1552,54.008,20260206_123457,1563,Left,Transport,22.0,0,False,190,244
1553,54.008,20260206_123457,1563,Right,Transport,28.9,0,False,985,185
1554,54.077,20260206_123457,1565,Left,Transport,17.7,0,False,217,229
1555,54.077,20260206_123457,1565,Right,Transport,30.8,0,False,927,160
1556,54.146,20260206_123457,1567,Left,Transport,17.8,0,False,253,214
1557,54.146,20260206_123457,1567,Right,Transport,27.2,0,False,884,154
1558,54.216,20260206_123457,1569,Left,Transport,18.6,0,False,292,214
1559,54.216,20260206_123457,1569,Right,Transport,24.7,0,False,838,161
1560,54.285,20260206_123457,1571,Left,Transport,20.5,0,False,336,218
1561,54.285,20260206_123457,1571,Right,Transport,22.8,1,True,806,187
1562,54.354,20260206_123457,1573,Left,Transport,21.5,2,True,378,212
1563,54.354,20260206_123457,1573,Right,Transport,18.2,1,True,781,204
1564,54.423,20260206_123457,1575,Left,Operation,16.0,2,True,395,217
1565,54.423,20260206_123457,1575,Right,Operation,13.2,1,True,780,218
1566,54.492,20260206_123457,1577,Left,Operation,10.9,3,True,405,232
1567,54.492,20260206_123457,1577,Right,Operation,7.8,2,True,786,233
1568,54.561,20260206_123457,1579,Left,Operation,8.0,4,True,412,246
1569,54.561,20260206_123457,1579,Right,Operation,7.1,3,True,786,244
1570,54.630,20260206_123457,1581,Left,Operation,6.1,4,True,416,252
1571,54.630,20260206_123457,1581,Right,Operation,4.7,5,True,785,249
1572,54.699,20260206_123457,1583,Left,Operation,3.3,4,True,418,251
1573,54.699,20260206_123457,1583,Right,Operation,2.7,5,True,783,253
1574,54.768,20260206_123457,1585,Left,Operation,1.9,4,True,419,254
1575,54.768,20260206_123457,1585,Right,Operation,1.8,5,True,786,255
1576,54.837,20260206_123457,1587,Left,Operation,1.4,4,True,419,255
1577,54.837,20260206_123457,1587,Right,Operation,1.9,5,True,790,255
1578,54.907,20260206_123457,1589,Left,Operation,1.4,4,True,419,258
1579,54.907,20260206_123457,1589,Right,Operation,1.8,5,True,790,257
1580,54.976,20260206_123457,1591,Left,Operation,1.6,4,True,420,262
1581,54.976,20260206_123457,1591,Right,Operation,1.5,5,True,791,261
1582,55.045,20260206_123457,1593,Left,Operation,1.3,4,True,419,261
1583,55.045,20260206_123457,1593,Right,Operation,1.7,5,True,793,265
1584,55.114,20260206_123457,1595,Left,Operation,1.6,4,True,416,258
1585,55.114,20260206_123457,1595,Right,Operation,2.1,5,True,795,264
1586,55.183,20260206_123457,1597,Left,Operation,2.0,4,True,416,259
1587,55.183,20260206_123457,1597,Right,Operation,1.6,5,True,794,262
1588,55.252,20260206_123457,1599,Left,Operation,1.6,4,True,416,260
1589,55.252,20260206_123457,1599,Right,Operation,1.5,5,True,794,265
1590,55.321,20260206_123457,1601,Left,Operation,1.4,4,True,415,260
1591,55.321,20260206_123457,1601,Right,Operation,1.1,5,True,795,265
1592,55.390,20260206_123457,1603,Left,Operation,1.6,4,True,419,261
1593,55.390,20260206_123457,1603,Right,Operation,1.0,5,True,795,263
1594,55.459,20260206_123457,1605,Left,Operation,2.4,4,True,414,262
1595,55.459,20260206_123457,1605,Right,Operation,0.6,5,True,794,263
1596,55.529,20260206_123457,1607,Left,Delay,2.2,3,True,413,263
1597,55.529,20260206_123457,1607,Right,Delay,1.1,5,True,794,264
1598,55.598,20260206_123457,1609,Left,Delay,1.4,3,True,411,263
1599,55.598,20260206_123457,1609,Right,Delay,1.1,5,True,794,265
1600,55.667,20260206_123457,1611,Left,Delay,1.3,3,True,412,263
1601,55.667,20260206_123457,1611,Right,Delay,0.6,5,True,794,265
1602,55.736,20260206_123457,1613,Left,Delay,1.8,4,True,415,264
1603,55.736,20260206_123457,1613,Right,Delay,0.6,5,True,794,262
1604,55.805,20260206_123457,1615,Left,Delay,2.5,4,True,422,266
1605,55.805,20260206_123457,1615,Right,Delay,0.9,5,True,793,263
1606,55.874,20260206_123457,1617,Left,Delay,2.7,4,True,425,268
1607,55.874,20260206_123457,1617,Right,Delay,0.8,5,True,794,262
1608,55.943,20260206_123457,1619,Left,Delay,2.0,4,True,424,269
1609,55.943,20260206_123457,1619,Right,Delay,1.0,5,True,793,261
1610,56.012,20260206_123457,1621,Left,Delay,1.2,4,True,423,270
1611,56.012,20260206_123457,1621,Right,Delay,1.6,5,True,795,265
1612,56.081,20260206_123457,1623,Left,Delay,1.1,4,True,424,272
1613,56.081,20260206_123457,1623,Right,Delay,1.3,5,True,794,265
1614,56.151,20260206_123457,1625,Left,Delay,0.9,4,True,425,272
1615,56.151,20260206_123457,1625,Right,Delay,1.1,5,True,795,263
1616,56.220,20260206_123457,1627,Left,Delay,1.5,4,True,426,267
1617,56.220,20260206_123457,1627,Right,Delay,1.1,4,True,796,260
1618,56.289,20260206_123457,1629,Left,Delay,3.0,4,True,423,258
1619,56.289,20260206_123457,1629,Right,Delay,4.4,2,True,798,244
1620,56.358,20260206_123457,1631,Left,Delay,8.6,3,True,418,227
1621,56.358,20260206_123457,1631,Right,Delay,9.5,1,True,783,219
1622,0.035,20260207_012650,1,Right,Transport,0.0,0,False,1101,259
1623,0.104,20260207_012650,3,Right,Transport,43.6,0,False,1087,343
1624,0.173,20260207_012650,5,Right,Transport,30.5,0,False,1058,362
1625,0.242,20260207_012650,7,Right,Transport,21.8,0,False,1047,381
1626,0.311,20260207_012650,9,Right,Transport,12.3,0,False,1057,393
1627,0.380,20260207_012650,11,Right,Transport,8.7,0,False,1056,405
1628,0.449,20260207_012650,13,Right,Transport,7.4,0,False,1042,403
1629,0.518,20260207_012650,15,Left,Transport,0.0,0,False,171,363
1630,0.518,20260207_012650,15,Right,Transport,7.7,0,False,1047,412
1631,0.587,20260207_012650,17,Left,Transport,4.3,0,False,179,360
1632,0.587,20260207_012650,17,Right,Transport,6.8,0,False,1053,419
1633,0.657,20260207_012650,19,Left,Transport,4.5,0,False,182,352
1634,0.657,20260207_012650,19,Right,Transport,5.8,0,False,1050,413
1635,0.726,20260207_012650,21,Left,Transport,4.4,0,False,189,352
1636,0.726,20260207_012650,21,Right,Transport,5.8,0,False,1055,409
1637,0.795,20260207_012650,23,Left,Transport,4.6,0,False,196,354
1638,0.795,20260207_012650,23,Right,Transport,4.2,0,False,1063,409
1639,0.864,20260207_012650,25,Left,Transport,3.7,0,False,200,355
1640,0.864,20260207_012650,25,Right,Transport,4.1,0,False,1067,404
1641,0.933,20260207_012650,27,Left,Transport,3.8,0,False,197,351
1642,0.933,20260207_012650,27,Right,Transport,3.9,0,False,1076,404
1643,1.002,20260207_012650,29,Left,Transport,5.6,0,False,182,360
1644,1.002,20260207_012650,29,Right,Transport,5.3,0,False,1092,400
1645,1.071,20260207_012650,31,Left,Transport,9.7,0,False,161,372
1646,1.071,20260207_012650,31,Right,Transport,8.3,0,False,1112,395
1647,1.140,20260207_012650,33,Left,Transport,14.0,0,False,132,373
1648,1.140,20260207_012650,33,Right,Transport,12.9,0,False,1138,373
1649,1.209,20260207_012650,35,Left,Transport,12.9,0,False,112,367
1650,1.209,20260207_012650,35,Right,Transport,16.5,0,False,1152,341
1651,1.279,20260207_012650,37,Left,Transport,15.2,0,False,90,347
1652,1.279,20260207_012650,37,Right,Transport,19.9,0,False,1128,306
1653,1.348,20260207_012650,39,Left,Transport,14.5,0,False,111,347
1654,1.348,20260207_012650,39,Right,Transport,24.3,0,False,1072,286
1655,1.417,20260207_012650,41,Left,Transport,18.7,0,False,157,330
1656,1.417,20260207_012650,41,Right,Transport,33.1,0,False,990,299
1657,1.486,20260207_012650,43,Left,Transport,26.1,0,False,224,337
1658,1.486,20260207_012650,43,Right,Transport,43.0,2,True,907,326
1659,1.555,20260207_012650,45,Left,Transport,35.0,0,False,299,348
1660,1.555,20260207_012650,45,Right,Transport,44.3,4,True,831,370
1661,1.624,20260207_012650,47,Left,Transport,35.9,3,True,360,370
1662,1.624,20260207_012650,47,Right,Transport,40.6,4,True,788,415
1663,1.693,20260207_012650,49,Left,Transport,34.1,5,True,419,393
1664,1.693,20260207_012650,49,Right,Operation,29.7,4,True,760,451
1665,1.762,20260207_012650,51,Left,Transport,29.5,5,True,451,428
1666,1.762,20260207_012650,51,Right,Operation,18.9,4,True,745,467
1667,1.831,20260207_012650,53,Left,Operation,21.3,5,True,469,450
1668,1.831,20260207_012650,53,Right,Operation,11.3,4,True,737,479
1669,1.900,20260207_012650,55,Left,Operation,12.8,5,True,480,462
1670,1.900,20260207_012650,55,Right,Operation,7.0,5,True,727,487
1671,1.970,20260207_012650,57,Left,Operation,8.0,5,True,481,475
1672,1.970,20260207_012650,57,Right,Operation,5.9,5,True,717,490
1673,2.039,20260207_012650,59,Left,Operation,5.8,5,True,482,482
1674,2.039,20260207_012650,59,Right,Operation,4.7,5,True,710,493
1675,2.108,20260207_012650,61,Left,Operation,3.8,5,True,484,485
1676,2.108,20260207_012650,61,Right,Operation,4.1,5,True,704,492
1677,2.177,20260207_012650,63,Left,Operation,2.9,5,True,488,483# SESSION START: 2026-02-07 21:27:39 (Session ID: 20260207_212739)
1678,0.035,20260207_212739,1,Right,Transport,0.0,0,False,1101,259
1679,0.104,20260207_212739,3,Right,Transport,33.9,0,False,1091,325
1680,0.173,20260207_212739,5,Right,Transport,27.4,0,False,1064,356
1681,0.242,20260207_212739,7,Right,Transport,22.1,0,False,1049,375
1682,0.311,20260207_212739,9,Right,Transport,12.6,0,False,1054,390
1683,0.380,20260207_212739,11,Right,Transport,8.5,0,False,1056,402
1684,0.449,20260207_212739,13,Right,Transport,6.4,0,False,1045,402
1685,0.518,20260207_212739,15,Left,Transport,0.0,0,False,171,363
1686,0.518,20260207_212739,15,Right,Transport,5.8,0,False,1046,411
1687,0.587,20260207_212739,17,Left,Transport,3.4,0,False,177,360
1688,0.587,20260207_212739,17,Right,Transport,5.3,0,False,1051,417
1689,0.657,20260207_212739,19,Left,Transport,3.9,0,False,181,353
1690,0.657,20260207_212739,19,Right,Transport,3.7,0,False,1049,412
1691,0.726,20260207_212739,21,Left,Transport,3.9,0,False,187,352
1692,0.726,20260207_212739,21,Right,Transport,3.6,0,False,1054,410
1693,0.795,20260207_212739,23,Left,Transport,3.7,0,False,193,353
1694,0.795,20260207_212739,23,Right,Transport,2.8,0,False,1061,409
1695,0.864,20260207_212739,25,Left,Transport,3.3,0,False,198,354
1696,0.864,20260207_212739,25,Right,Transport,3.4,0,False,1066,404
1697,0.933,20260207_212739,27,Left,Transport,3.0,0,False,197,351
1698,0.933,20260207_212739,27,Right,Transport,3.7,0,False,1074,404
1699,1.002,20260207_212739,29,Left,Transport,4.2,0,False,184,357
1700,1.002,20260207_212739,29,Right,Transport,5.0,0,False,1088,400
1701,1.071,20260207_212739,31,Left,Transport,8.1,0,False,164,368
1702,1.071,20260207_212739,31,Right,Transport,7.6,0,False,1107,396
1703,1.140,20260207_212739,33,Left,Transport,12.3,0,False,138,373
1704,1.140,20260207_212739,33,Right,Transport,11.8,0,False,1132,378
1705,1.209,20260207_212739,35,Left,Transport,12.3,0,False,116,369
1706,1.209,20260207_212739,35,Right,Transport,15.3,0,False,1149,348
1707,1.279,20260207_212739,37,Left,Transport,13.9,0,False,93,352
1708,1.279,20260207_212739,37,Right,Transport,18.5,0,False,1133,312
1709,1.348,20260207_212739,39,Left,Transport,11.5,0,False,106,348
1710,1.348,20260207_212739,39,Right,Transport,21.9,0,False,1086,290
1711,1.417,20260207_212739,41,Left,Transport,14.5,0,False,145,333
1712,1.417,20260207_212739,41,Right,Transport,30.6,0,False,1007,294
1713,1.486,20260207_212739,43,Left,Transport,23.2,0,False,209,335
1714,1.486,20260207_212739,43,Right,Transport,40.0,2,True,926,319
1715,1.555,20260207_212739,45,Left,Transport,32.8,0,False,282,345
1716,1.555,20260207_212739,45,Right,Transport,43.4,4,True,846,360
1717,1.624,20260207_212739,47,Left,Transport,35.2,3,True,346,364
1718,1.624,20260207_212739,47,Right,Transport,41.0,4,True,796,405
1719,1.693,20260207_212739,49,Left,Transport,34.2,5,True,406,387
1720,1.693,20260207_212739,49,Right,Operation,31.8,4,True,765,443
1721,1.762,20260207_212739,51,Left,Transport,30.1,5,True,444,421
1722,1.762,20260207_212739,51,Right,Operation,21.0,4,True,748,463
1723,1.831,20260207_212739,53,Left,Operation,22.9,5,True,465,445
1724,1.831,20260207_212739,53,Right,Operation,13.0,4,True,738,476
1725,1.900,20260207_212739,55,Left,Operation,14.3,5,True,477,459
1726,1.900,20260207_212739,55,Right,Operation,8.0,5,True,728,485
1727,1.970,20260207_212739,57,Left,Operation,8.9,5,True,480,472
1728,1.970,20260207_212739,57,Right,Operation,6.1,5,True,719,489
1729,2.039,20260207_212739,59,Left,Operation,6.1,5,True,481,480
1730,2.039,20260207_212739,59,Right,Operation,5.0,5,True,711,492
1731,2.108,20260207_212739,61,Left,Operation,3.7,5,True,483,484
1732,2.108,20260207_212739,61,Right,Operation,4.0,5,True,705,491
1733,2.177,20260207_212739,63,Left,Operation,2.4,5,True,486,483
1734,2.177,20260207_212739,63,Right,Operation,3.5,5,True,698,488
1735,2.246,20260207_212739,65,Left,Operation,1.4,5,True,490,483
1736,2.246,20260207_212739,65,Right,Operation,3.3,5,True,694,488
1737,2.315,20260207_212739,67,Left,Operation,1.2,5,True,490,483
1738,2.315,20260207_212739,67,Right,Operation,2.0,5,True,694,486
1739,2.384,20260207_212739,69,Left,Operation,0.4,5,True,489,483
1740,2.384,20260207_212739,69,Right,Operation,1.6,5,True,698,486
1741,2.453,20260207_212739,71,Left,Operation,0.8,5,True,486,483
1742,2.453,20260207_212739,71,Right,Operation,1.4,5,True,700,486
1743,2.522,20260207_212739,73,Left,Operation,1.4,5,True,484,484
1744,2.522,20260207_212739,73,Right,Operation,0.6,5,True,700,486
1745,2.592,20260207_212739,75,Left,Operation,1.2,5,True,483,484
1746,2.592,20260207_212739,75,Right,Operation,0.6,5,True,700,485
1747,2.661,20260207_212739,77,Left,Delay,1.6,5,True,484,478
1748,2.661,20260207_212739,77,Right,Operation,1.4,5,True,702,483
1749,2.730,20260207_212739,79,Left,Delay,1.7,5,True,485,476
1750,2.730,20260207_212739,79,Right,Operation,1.8,5,True,701,483
1751,2.799,20260207_212739,81,Left,Delay,1.5,5,True,486,474
1752,2.799,20260207_212739,81,Right,Delay,1.6,5,True,704,483
1753,2.868,20260207_212739,83,Left,Delay,1.4,5,True,487,471
1754,2.868,20260207_212739,83,Right,Delay,1.2,5,True,706,483
1755,2.937,20260207_212739,85,Left,Delay,1.6,5,True,490,474
1756,2.937,20260207_212739,85,Right,Delay,1.0,5,True,708,483
1757,3.006,20260207_212739,87,Left,Delay,1.9,5,True,488,476
1758,3.006,20260207_212739,87,Right,Delay,1.2,5,True,711,483
1759,3.075,20260207_212739,89,Left,Delay,1.0,5,True,488,476
1760,3.075,20260207_212739,89,Right,Delay,1.6,5,True,712,480
1761,3.144,20260207_212739,91,Left,Delay,1.0,5,True,491,476
1762,3.144,20260207_212739,91,Right,Delay,1.6,5,True,711,478
1763,3.214,20260207_212739,93,Left,Delay,1.2,5,True,494,477
1764,3.214,20260207_212739,93,Right,Delay,1.4,5,True,711,479
1765,3.283,20260207_212739,95,Left,Delay,1.2,5,True,495,477
1766,3.283,20260207_212739,95,Right,Delay,0.8,5,True,709,479
1767,3.352,20260207_212739,97,Left,Delay,1.0,5,True,495,477
1768,3.352,20260207_212739,97,Right,Delay,1.1,5,True,707,478
1769,3.421,20260207_212739,99,Left,Delay,0.8,5,True,493,476
1770,3.421,20260207_212739,99,Right,Delay,1.5,5,True,706,474
1771,3.490,20260207_212739,101,Left,Delay,1.7,5,True,488,475
1772,3.490,20260207_212739,101,Right,Delay,2.9,5,True,705,465
1773,3.559,20260207_212739,103,Left,Operation,4.0,5,True,483,461
1774,3.559,20260207_212739,103,Right,Operation,8.9,5,True,690,435
1775,3.628,20260207_212739,105,Left,Operation,10.7,5,True,477,426
1776,3.628,20260207_212739,105,Right,Operation,20.4,5,True,663,381
1777,3.697,20260207_212739,107,Left,Operation,21.0,4,True,443,379
1778,3.697,20260207_212739,107,Right,Operation,30.0,5,True,654,313
1779,3.766,20260207_212739,109,Left,Operation,31.5,1,True,372,342
1780,3.766,20260207_212739,109,Right,Operation,35.6,3,True,687,245
1781,3.836,20260207_212739,111,Left,Transport,46.3,0,False,254,329
1782,3.836,20260207_212739,111,Right,Operation,40.6,2,True,769,210
1783,3.905,20260207_212739,113,Left,Transport,55.3,0,False,142,351
1784,3.905,20260207_212739,113,Right,Operation,50.3,1,True,889,232
1785,3.974,20260207_212739,115,Left,Transport,46.9,0,False,95,377
1786,3.974,20260207_212739,115,Right,Transport,60.1,0,False,1004,284
1787,4.043,20260207_212739,117,Left,Transport,25.4,0,False,87,396
1788,4.043,20260207_212739,117,Right,Transport,50.1,0,False,1055,312
1789,4.112,20260207_212739,119,Left,Transport,10.7,0,False,97,400
1790,4.112,20260207_212739,119,Right,Transport,29.3,0,False,1067,333
1791,4.181,20260207_212739,121,Left,Transport,9.7,0,False,123,417
1792,4.181,20260207_212739,121,Right,Transport,14.8,0,False,1067,360
1793,4.250,20260207_212739,123,Left,Transport,13.4,0,False,145,432
1794,4.250,20260207_212739,123,Right,Transport,11.0,0,False,1058,375
1795,4.319,20260207_212739,125,Left,Transport,12.7,0,False,163,444
1796,4.319,20260207_212739,125,Right,Transport,10.3,0,False,1052,392
1797,4.388,20260207_212739,127,Left,Transport,9.0,0,False,174,448
1798,4.388,20260207_212739,127,Right,Transport,10.0,0,False,1055,413
1799,4.457,20260207_212739,129,Left,Transport,5.9,0,False,180,452
1800,4.457,20260207_212739,129,Right,Transport,7.4,0,False,1056,423
1801,4.527,20260207_212739,131,Left,Transport,4.1,0,False,180,460
1802,4.527,20260207_212739,131,Right,Transport,5.1,0,False,1058,428
1803,4.596,20260207_212739,133,Left,Transport,4.5,0,False,176,470
1804,4.596,20260207_212739,133,Right,Transport,3.2,0,False,1052,424
1805,4.665,20260207_212739,135,Left,Transport,4.3,0,False,171,474
1806,4.665,20260207_212739,135,Right,Transport,3.3,0,False,1048,428
1807,4.734,20260207_212739,137,Left,Transport,3.9,0,False,166,480
1808,4.734,20260207_212739,137,Right,Transport,3.8,0,False,1040,431
1809,4.803,20260207_212739,139,Left,Transport,2.6,0,False,164,481
1810,4.803,20260207_212739,139,Right,Transport,3.8,0,False,1038,436
1811,4.872,20260207_212739,141,Left,Transport,1.3,0,False,163,480
1812,4.872,20260207_212739,141,Right,Transport,3.1,0,False,1042,439
1813,4.941,20260207_212739,143,Left,Transport,1.0,0,False,160,481
1814,4.941,20260207_212739,143,Right,Transport,4.0,0,False,1051,439
1815,5.010,20260207_212739,145,Left,Transport,2.1,0,False,155,478
1816,5.010,20260207_212739,145,Right,Transport,4.3,0,False,1058,436
1817,5.079,20260207_212739,147,Left,Transport,3.5,0,False,150,470
1818,5.079,20260207_212739,147,Right,Transport,4.9,0,False,1067,429
1819,5.149,20260207_212739,149,Left,Transport,8.1,0,False,130,464
1820,5.149,20260207_212739,149,Right,Transport,7.3,0,False,1077,413
1821,5.218,20260207_212739,151,Left,Transport,12.9,0,False,102,446
1822,5.218,20260207_212739,151,Right,Transport,9.0,0,False,1078,394
1823,5.287,20260207_212739,153,Left,Transport,18.0,0,False,86,416
1824,5.287,20260207_212739,153,Right,Transport,11.8,0,False,1072,369
1825,5.356,20260207_212739,155,Left,Transport,19.5,0,False,121,386
1826,5.356,20260207_212739,155,Right,Transport,14.2,0,False,1048,348
1827,5.425,20260207_212739,157,Left,Transport,23.9,0,False,169,359
1828,5.425,20260207_212739,157,Right,Transport,21.4,0,False,992,329
1829,5.494,20260207_212739,159,Left,Transport,31.5,0,False,242,339
1830,5.494,20260207_212739,159,Right,Transport,29.6,2,True,919,328
1831,5.563,20260207_212739,161,Left,Transport,35.2,0,False,313,343
1832,5.563,20260207_212739,161,Right,Transport,36.3,4,True,842,319
1833,5.632,20260207_212739,163,Left,Transport,32.6,5,True,366,356
1834,5.632,20260207_212739,163,Right,Transport,39.2,5,True,764,317
1835,5.701,20260207_212739,165,Left,Transport,26.6,5,True,409,367
1836,5.701,20260207_212739,165,Right,Operation,33.2,5,True,714,321
1837,5.771,20260207_212739,167,Left,Operation,18.4,5,True,427,384
1838,5.771,20260207_212739,167,Right,Operation,24.8,5,True,693,347
1839,5.840,20260207_212739,169,Left,Operation,12.2,5,True,435,398
1840,5.840,20260207_212739,169,Right,Operation,15.0,5,True,699,369
1841,5.909,20260207_212739,171,Left,Operation,6.8,5,True,437,404
1842,5.909,20260207_212739,171,Right,Operation,11.2,5,True,708,384
1843,5.978,20260207_212739,173,Left,Operation,4.6,5,True,432,412
1844,5.978,20260207_212739,173,Right,Operation,9.4,5,True,715,398
1845,6.047,20260207_212739,175,Left,Operation,3.8,5,True,434,419
1846,6.047,20260207_212739,175,Right,Operation,8.1,5,True,721,413
1847,6.116,20260207_212739,177,Left,Operation,4.6,5,True,434,429
1848,6.116,20260207_212739,177,Right,Operation,8.6,5,True,732,428
1849,6.185,20260207_212739,179,Left,Operation,4.7,5,True,435,438
1850,6.185,20260207_212739,179,Right,Operation,10.1,5,True,745,447
1851,6.254,20260207_212739,181,Left,Operation,3.9,5,True,433,443
1852,6.254,20260207_212739,181,Right,Operation,8.6,5,True,748,457
1853,6.323,20260207_212739,183,Left,Operation,2.9,5,True,432,448
1854,6.323,20260207_212739,183,Right,Operation,6.3,5,True,749,463
1855,6.393,20260207_212739,185,Left,Operation,1.7,5,True,431,448
1856,6.393,20260207_212739,185,Right,Operation,3.6,5,True,753,465
1857,6.462,20260207_212739,187,Left,Operation,0.8,5,True,432,448
1858,6.462,20260207_212739,187,Right,Operation,3.4,5,True,751,473
1859,6.531,20260207_212739,189,Left,Operation,1.3,5,True,435,448
1860,6.531,20260207_212739,189,Right,Operation,3.7,5,True,748,479
1861,6.600,20260207_212739,191,Left,Operation,2.5,5,True,440,446
1862,6.600,20260207_212739,191,Right,Operation,3.1,5,True,750,482
1863,6.669,20260207_212739,193,Left,Operation,2.8,5,True,443,443
1864,6.669,20260207_212739,193,Right,Operation,2.8,5,True,755,482
1865,6.738,20260207_212739,195,Left,Operation,1.9,5,True,444,444
1866,6.738,20260207_212739,195,Right,Operation,3.2,5,True,763,480
1867,6.807,20260207_212739,197,Left,Operation,1.4,5,True,444,447
1868,6.807,20260207_212739,197,Right,Operation,3.4,5,True,767,477
1869,6.876,20260207_212739,199,Left,Delay,1.8,5,True,447,451
1870,6.876,20260207_212739,199,Right,Operation,2.7,5,True,767,474
1871,6.945,20260207_212739,201,Left,Delay,2.4,5,True,449,455
1872,6.945,20260207_212739,201,Right,Operation,1.9,4,True,769,471
1873,7.014,20260207_212739,203,Left,Delay,2.7,5,True,452,459
1874,7.014,20260207_212739,203,Right,Operation,1.4,4,True,770,474
1875,7.084,20260207_212739,205,Left,Delay,2.3,5,True,456,459
1876,7.084,20260207_212739,205,Right,Operation,2.8,4,True,775,479
1877,7.153,20260207_212739,207,Left,Delay,1.8,5,True,456,462
1878,7.153,20260207_212739,207,Right,Operation,3.6,4,True,780,485
1879,7.222,20260207_212739,209,Left,Delay,1.4,5,True,456,462
1880,7.222,20260207_212739,209,Right,Operation,3.7,4,True,780,491
1881,7.291,20260207_212739,211,Left,Delay,0.8,5,True,457,463
1882,7.291,20260207_212739,211,Right,Operation,2.6,4,True,777,493
1883,7.360,20260207_212739,213,Left,Delay,0.8,5,True,457,462
1884,7.360,20260207_212739,213,Right,Operation,2.0,4,True,778,490
1885,7.429,20260207_212739,215,Left,Delay,0.6,5,True,457,463
1886,7.429,20260207_212739,215,Right,Operation,1.7,4,True,778,487
1887,7.498,20260207_212739,217,Left,Delay,0.8,5,True,459,464
1888,7.498,20260207_212739,217,Right,Operation,2.1,4,True,775,482
1889,7.567,20260207_212739,219,Left,Delay,1.0,5,True,461,464
1890,7.567,20260207_212739,219,Right,Operation,2.7,4,True,771,479
1891,7.636,20260207_212739,221,Left,Delay,1.0,5,True,463,464
1892,7.636,20260207_212739,221,Right,Operation,2.7,4,True,766,476
1893,7.706,20260207_212739,223,Left,Delay,0.9,5,True,464,463
1894,7.706,20260207_212739,223,Right,Operation,2.1,4,True,765,476
1895,7.775,20260207_212739,225,Left,Delay,0.8,5,True,466,464
1896,7.775,20260207_212739,225,Right,Operation,0.8,4,True,764,476
1897,7.844,20260207_212739,227,Left,Delay,1.6,5,True,463,463
1898,7.844,20260207_212739,227,Right,Operation,0.6,4,True,763,474
1899,7.913,20260207_212739,229,Left,Delay,2.7,5,True,457,458
1900,7.913,20260207_212739,229,Right,Operation,1.8,4,True,768,472
1901,7.982,20260207_212739,231,Left,Operation,6.8,5,True,446,438
1902,7.982,20260207_212739,231,Right,Operation,7.0,5,True,752,451
1903,8.051,20260207_212739,233,Left,Operation,16.4,4,True,418,393
1904,8.051,20260207_212739,233,Right,Operation,18.1,5,True,728,396
1905,8.120,20260207_212739,235,Left,Transport,31.0,0,False,342,347
1906,8.120,20260207_212739,235,Right,Operation,31.3,5,True,722,317
1907,8.189,20260207_212739,237,Left,Transport,45.9,0,False,237,323
1908,8.189,20260207_212739,237,Right,Operation,43.0,4,True,761,226
1909,8.258,20260207_212739,239,Left,Transport,56.8,0,False,111,323
1910,8.258,20260207_212739,239,Right,Transport,50.9,0,False,854,167
1911,8.328,20260207_212739,241,Left,Transport,48.3,0,False,65,362
1912,8.328,20260207_212739,241,Right,Transport,56.0,0,False,973,157
1913,8.397,20260207_212739,243,Left,Transport,29.0,0,False,60,391
1914,8.397,20260207_212739,243,Right,Transport,54.1,0,False,1062,190
1915,8.466,20260207_212739,245,Left,Transport,19.2,0,False,87,403
1916,8.466,20260207_212739,245,Right,Transport,44.9,0,False,1099,246
1917,8.535,20260207_212739,247,Left,Transport,16.2,0,False,125,407
1918,8.535,20260207_212739,247,Right,Transport,32.6,0,False,1108,297
1919,8.604,20260207_212739,249,Left,Transport,16.1,0,False,151,413
1920,8.604,20260207_212739,249,Right,Transport,22.9,0,False,1103,327
1921,8.673,20260207_212739,251,Left,Transport,13.0,0,False,162,427
1922,8.673,20260207_212739,251,Right,Transport,15.9,0,False,1097,351
1923,8.742,20260207_212739,253,Left,Transport,8.7,0,False,168,440
1924,8.742,20260207_212739,253,Right,Transport,9.6,0,False,1094,363
1925,8.811,20260207_212739,255,Left,Transport,6.6,0,False,169,449
1926,8.811,20260207_212739,255,Right,Transport,8.1,0,False,1085,376
1927,8.880,20260207_212739,257,Left,Transport,4.6,0,False,170,456
1928,8.880,20260207_212739,257,Right,Transport,8.5,0,False,1077,391
1929,8.950,20260207_212739,259,Left,Transport,2.3,0,False,169,458
1930,8.950,20260207_212739,259,Right,Transport,6.2,0,False,1079,396
1931,9.019,20260207_212739,261,Left,Transport,1.7,0,False,169,457
1932,9.019,20260207_212739,261,Right,Transport,3.2,0,False,1081,396
1933,9.088,20260207_212739,263,Left,Transport,1.2,0,False,169,455
1934,9.088,20260207_212739,263,Right,Transport,2.3,0,False,1081,402
1935,9.157,20260207_212739,265,Left,Transport,1.3,0,False,172,453
1936,9.157,20260207_212739,265,Right,Transport,4.0,0,False,1068,405
1937,9.226,20260207_212739,267,Left,Transport,2.8,0,False,163,448
1938,9.295,20260207_212739,269,Left,Transport,3.9,0,False,155,444
1939,9.295,20260207_212739,269,Right,Transport,7.9,0,False,1049,390
1940,9.364,20260207_212739,271,Left,Transport,4.9,0,False,141,438
1941,9.364,20260207_212739,271,Right,Transport,8.0,0,False,1036,384
1942,9.433,20260207_212739,273,Left,Transport,7.2,0,False,129,429
1943,9.433,20260207_212739,273,Right,Transport,4.8,0,False,1038,383
1944,9.502,20260207_212739,275,Left,Transport,7.7,0,False,117,418
1945,9.502,20260207_212739,275,Right,Transport,3.2,0,False,1038,388
1946,9.572,20260207_212739,277,Left,Transport,7.2,0,False,114,406
1947,9.572,20260207_212739,277,Right,Transport,3.0,0,False,1032,392
1948,9.641,20260207_212739,279,Left,Transport,7.6,0,False,122,390
1949,9.641,20260207_212739,279,Right,Transport,4.1,0,False,1025,398
1950,9.710,20260207_212739,281,Left,Transport,10.4,0,False,136,367
1951,9.710,20260207_212739,281,Right,Transport,4.1,0,False,1021,404
1952,9.779,20260207_212739,283,Left,Transport,13.1,0,False,155,348
1953,9.779,20260207_212739,283,Right,Transport,3.4,0,False,1024,400
1954,9.848,20260207_212739,285,Left,Transport,14.3,0,False,183,339
1955,9.848,20260207_212739,285,Right,Transport,4.2,0,False,1034,396
1956,9.917,20260207_212739,287,Left,Transport,19.1,0,False,235,341
1957,9.917,20260207_212739,287,Right,Transport,4.7,0,False,1040,398
1958,9.986,20260207_212739,289,Left,Transport,22.1,0,False,272,359
1959,9.986,20260207_212739,289,Right,Transport,3.2,0,False,1040,400
1960,10.055,20260207_212739,291,Left,Transport,18.9,0,False,304,368
1961,10.055,20260207_212739,291,Right,Transport,1.8,0,False,1036,402
1962,10.124,20260207_212739,293,Left,Transport,18.2,2,True,335,387
1963,10.124,20260207_212739,293,Right,Transport,2.8,0,False,1034,405
1964,10.193,20260207_212739,295,Left,Transport,20.3,4,True,376,413
1965,10.193,20260207_212739,295,Right,Transport,6.7,0,False,1058,405
1966,10.263,20260207_212739,297,Left,Operation,17.4,4,True,397,421
1967,10.263,20260207_212739,297,Right,Transport,11.2,0,False,1087,399
1968,10.332,20260207_212739,299,Left,Operation,10.4,4,True,407,424
1969,10.332,20260207_212739,299,Right,Transport,17.3,0,False,1120,375
1970,10.401,20260207_212739,301,Left,Operation,5.8,4,True,409,431
1971,10.401,20260207_212739,301,Right,Transport,20.0,0,False,1117,334
1972,10.470,20260207_212739,303,Left,Operation,4.5,4,True,407,442
1973,10.470,20260207_212739,303,Right,Transport,26.6,0,False,1058,316
1974,10.539,20260207_212739,305,Left,Operation,4.3,4,True,409,446
1975,10.539,20260207_212739,305,Right,Transport,33.8,0,False,976,334
1976,10.608,20260207_212739,307,Left,Operation,3.7,4,True,416,442
1977,10.608,20260207_212739,307,Right,Transport,44.7,2,True,882,385
1978,10.677,20260207_212739,309,Left,Operation,3.4,5,True,422,440
1979,10.677,20260207_212739,309,Right,Transport,39.3,2,True,858,428
1980,10.746,20260207_212739,311,Left,Operation,2.1,4,True,422,439
1981,10.746,20260207_212739,311,Right,Operation,22.6,2,True,849,449
1982,10.815,20260207_212739,313,Left,Operation,1.0,4,True,420,440
1983,10.815,20260207_212739,313,Right,Operation,12.0,2,True,845,465
1984,10.885,20260207_212739,315,Left,Operation,1.8,4,True,414,443
1985,10.885,20260207_212739,315,Right,Operation,8.2,2,True,841,480
1986,10.954,20260207_212739,317,Left,Operation,3.0,4,True,410,447
1987,10.954,20260207_212739,317,Right,Operation,7.5,3,True,833,492
1988,11.023,20260207_212739,319,Left,Operation,2.7,4,True,409,450
1989,11.023,20260207_212739,319,Right,Operation,6.9,3,True,825,498
1990,11.092,20260207_212739,321,Left,Operation,2.1,4,True,413,453
1991,11.092,20260207_212739,321,Right,Operation,6.2,3,True,812,503
1992,11.161,20260207_212739,323,Left,Operation,2.3,4,True,415,457
1993,11.161,20260207_212739,323,Right,Operation,5.2,3,True,805,505
1994,11.230,20260207_212739,325,Left,Operation,2.6,4,True,414,462
1995,11.230,20260207_212739,325,Right,Operation,3.9,3,True,802,508
1996,11.299,20260207_212739,327,Left,Delay,1.9,4,True,416,462
1997,11.299,20260207_212739,327,Right,Operation,2.1,3,True,799,509
1998,11.368,20260207_212739,329,Left,Delay,1.9,4,True,417,465
1999,11.368,20260207_212739,329,Right,Operation,2.7,3,True,794,506
2000,11.437,20260207_212739,331,Left,Delay,0.9,4,True,417,465
2001,11.437,20260207_212739,331,Right,Operation,1.2,3,True,794,506
2002,11.507,20260207_212739,333,Left,Delay,0.7,4,True,416,464
2003,11.507,20260207_212739,333,Right,Operation,1.0,3,True,792,507
2004,11.576,20260207_212739,335,Left,Delay,1.0,4,True,415,461
2005,11.576,20260207_212739,335,Right,Operation,1.0,3,True,794,505
2006,11.645,20260207_212739,337,Left,Operation,3.1,4,True,418,451
2007,11.645,20260207_212739,337,Right,Operation,2.1,3,True,800,505
2008,11.714,20260207_212739,339,Left,Operation,8.1,4,True,420,425
2009,11.714,20260207_212739,339,Right,Operation,6.5,3,True,810,484
2010,11.783,20260207_212739,341,Left,Operation,17.5,4,True,415,374
2011,11.783,20260207_212739,341,Right,Operation,16.6,3,True,835,435
2012,11.852,20260207_212739,343,Left,Transport,30.0,0,False,368,308
2013,11.852,20260207_212739,343,Right,Transport,36.6,0,False,925,368
2014,11.921,20260207_212739,345,Left,Transport,43.5,0,False,270,270
2015,11.921,20260207_212739,345,Right,Transport,49.9,0,False,1025,334
2016,11.990,20260207_212739,347,Left,Transport,53.2,0,False,170,283
2017,11.990,20260207_212739,347,Right,Transport,50.5,0,False,1096,325
2018,12.059,20260207_212739,349,Left,Transport,48.6,0,False,110,342
2019,12.059,20260207_212739,349,Right,Transport,31.2,0,False,1131,321
2020,12.129,20260207_212739,351,Left,Transport,38.4,0,False,136,389
2021,12.129,20260207_212739,351,Right,Transport,14.3,0,False,1128,323
2022,12.198,20260207_212739,353,Left,Transport,24.9,0,False,155,415
2023,12.198,20260207_212739,353,Right,Transport,5.2,0,False,1120,324
2024,12.267,20260207_212739,355,Left,Transport,16.0,0,False,181,415
2025,12.267,20260207_212739,355,Right,Transport,5.7,0,False,1103,324
2026,12.336,20260207_212739,357,Left,Transport,13.2,0,False,206,405
2027,12.336,20260207_212739,357,Right,Transport,8.0,0,False,1086,324
2028,12.405,20260207_212739,359,Left,Transport,12.8,0,False,225,395
2029,12.405,20260207_212739,359,Right,Transport,10.5,0,False,1062,323
2030,12.474,20260207_212739,361,Left,Transport,9.0,0,False,231,387
2031,12.474,20260207_212739,361,Right,Transport,8.0,0,False,1055,325
2032,12.543,20260207_212739,363,Left,Transport,4.9,0,False,231,382
2033,12.543,20260207_212739,363,Right,Transport,4.5,0,False,1055,328
2034,12.612,20260207_212739,365,Left,Transport,2.2,0,False,233,380
2035,12.612,20260207_212739,365,Right,Transport,2.2,0,False,1051,332
2036,12.681,20260207_212739,367,Left,Transport,1.4,0,False,236,379
2037,12.681,20260207_212739,367,Right,Transport,3.1,0,False,1048,337
2038,12.750,20260207_212739,369,Left,Transport,2.3,0,False,238,387
2039,12.750,20260207_212739,369,Right,Transport,3.0,0,False,1046,342
2040,12.820,20260207_212739,371,Left,Transport,2.3,0,False,237,386
2041,12.820,20260207_212739,371,Right,Transport,3.3,0,False,1046,350
2042,12.889,20260207_212739,373,Left,Transport,1.9,0,False,233,383
2043,12.889,20260207_212739,373,Right,Transport,4.1,0,False,1052,354
2044,12.958,20260207_212739,375,Left,Transport,1.9,0,False,231,381
2045,12.958,20260207_212739,375,Right,Transport,4.4,0,False,1057,356
2046,13.027,20260207_212739,377,Left,Transport,1.9,0,False,229,380
2047,13.027,20260207_212739,377,Right,Transport,4.1,0,False,1062,351
2048,13.096,20260207_212739,379,Left,Transport,5.4,0,False,209,387
2049,13.096,20260207_212739,379,Right,Transport,5.0,0,False,1070,339
2050,13.165,20260207_212739,381,Left,Transport,8.9,0,False,188,386
2051,13.165,20260207_212739,381,Right,Transport,7.1,0,False,1064,324
2052,13.234,20260207_212739,383,Left,Transport,11.2,0,False,163,382
2053,13.234,20260207_212739,383,Right,Transport,6.2,0,False,1063,320
2054,13.303,20260207_212739,385,Left,Transport,11.8,0,False,147,366
2055,13.303,20260207_212739,385,Right,Transport,7.0,0,False,1064,303
2056,13.372,20260207_212739,387,Left,Transport,9.4,0,False,144,348
2057,13.372,20260207_212739,387,Right,Transport,14.1,0,False,1028,277
2058,13.442,20260207_212739,389,Left,Transport,13.2,0,False,154,316
2059,13.442,20260207_212739,389,Right,Transport,24.7,0,False,968,247
2060,13.511,20260207_212739,391,Left,Transport,16.0,0,False,183,298
2061,13.511,20260207_212739,391,Right,Transport,26.4,0,False,932,236
2062,13.580,20260207_212739,393,Left,Transport,13.2,0,False,198,289
2063,13.580,20260207_212739,393,Right,Transport,21.0,0,False,893,226
2064,13.649,20260207_212739,395,Left,Transport,17.3,0,False,248,282
2065,13.649,20260207_212739,395,Right,Transport,17.1,2,True,866,221
2066,13.718,20260207_212739,397,Left,Transport,22.9,0,False,308,267
2067,13.718,20260207_212739,397,Right,Transport,21.2,3,True,809,235
2068,13.787,20260207_212739,399,Left,Transport,25.1,1,True,346,267
2069,13.787,20260207_212739,399,Right,Operation,22.2,5,True,777,258
2070,13.856,20260207_212739,401,Left,Transport,18.9,5,True,376,280
2071,13.856,20260207_212739,401,Right,Operation,21.0,5,True,760,291
2072,13.925,20260207_212739,403,Left,Transport,17.9,5,True,403,313
2073,13.925,20260207_212739,403,Right,Operation,20.2,5,True,746,335
2074,13.994,20260207_212739,405,Left,Operation,17.3,5,True,415,334
2075,13.994,20260207_212739,405,Right,Operation,17.3,5,True,740,356
2076,14.064,20260207_212739,407,Left,Operation,13.9,5,True,434,347
2077,14.064,20260207_212739,407,Right,Operation,9.7,5,True,737,364
2078,14.133,20260207_212739,409,Left,Operation,13.6,5,True,461,364
2079,14.133,20260207_212739,409,Right,Operation,6.8,5,True,734,380
2080,14.202,20260207_212739,411,Left,Operation,13.1,5,True,473,381
2081,14.202,20260207_212739,411,Right,Operation,6.3,5,True,734,392
2082,14.271,20260207_212739,413,Left,Operation,10.7,5,True,480,398
2083,14.271,20260207_212739,413,Right,Operation,6.1,5,True,733,403
2084,14.340,20260207_212739,415,Left,Operation,8.9,5,True,485,412
2085,14.340,20260207_212739,415,Right,Operation,4.9,5,True,729,410
2086,14.409,20260207_212739,417,Left,Operation,5.7,5,True,489,417
2087,14.409,20260207_212739,417,Right,Operation,3.5,5,True,727,413
2088,14.478,20260207_212739,419,Left,Operation,3.2,5,True,493,420
2089,14.478,20260207_212739,419,Right,Operation,2.9,5,True,725,420
2090,14.547,20260207_212739,421,Left,Operation,2.5,5,True,495,423
2091,14.547,20260207_212739,421,Right,Operation,2.7,5,True,725,424
2092,14.616,20260207_212739,423,Left,Operation,1.7,5,True,496,421
2093,14.616,20260207_212739,423,Right,Operation,1.8,5,True,726,425
2094,14.686,20260207_212739,425,Left,Operation,0.8,5,True,496,421
2095,14.686,20260207_212739,425,Right,Operation,1.5,5,True,729,428
2096,14.755,20260207_212739,427,Left,Operation,0.8,5,True,495,421
2097,14.755,20260207_212739,427,Right,Operation,1.8,5,True,726,429
2098,14.824,20260207_212739,429,Left,Operation,1.3,5,True,499,420
2099,14.824,20260207_212739,429,Right,Operation,1.6,5,True,723,428
2100,14.893,20260207_212739,431,Left,Operation,2.3,5,True,499,424
2101,14.893,20260207_212739,431,Right,Operation,1.7,5,True,723,431
2102,14.962,20260207_212739,433,Left,Operation,2.8,5,True,496,428
2103,14.962,20260207_212739,433,Right,Operation,1.6,5,True,725,433
2104,15.031,20260207_212739,435,Left,Delay,2.1,5,True,496,429
2105,15.031,20260207_212739,435,Right,Delay,1.4,5,True,724,433
2106,15.100,20260207_212739,437,Left,Delay,1.3,5,True,496,427
2107,15.100,20260207_212739,437,Right,Delay,1.2,5,True,722,431
2108,15.169,20260207_212739,439,Left,Delay,1.7,5,True,494,423
2109,15.169,20260207_212739,439,Right,Operation,3.2,5,True,729,423
2110,15.238,20260207_212739,441,Left,Operation,7.1,5,True,481,399
2111,15.238,20260207_212739,441,Right,Operation,9.8,5,True,727,387
2112,15.308,20260207_212739,443,Left,Operation,15.7,5,True,479,351
2113,15.308,20260207_212739,443,Right,Operation,19.3,5,True,706,338
2114,15.377,20260207_212739,445,Left,Operation,22.8,4,True,464,303
2115,15.377,20260207_212739,445,Right,Operation,27.4,3,True,699,278
2116,15.446,20260207_212739,447,Left,Operation,31.0,2,True,403,254
2117,15.446,20260207_212739,447,Right,Operation,30.6,2,True,723,220
2118,15.515,20260207_212739,449,Left,Transport,47.7,0,False,272,255
2119,15.515,20260207_212739,449,Right,Transport,46.5,0,False,838,152
2120,15.584,20260207_212739,451,Left,Transport,58.5,0,False,160,278
2121,15.584,20260207_212739,451,Right,Transport,65.5,0,False,996,158
2122,15.653,20260207_212739,453,Left,Transport,55.4,0,False,113,338
2123,15.653,20260207_212739,453,Right,Transport,77.8,0,False,1122,224
2124,15.722,20260207_212739,455,Left,Transport,31.8,0,False,121,365
2125,15.722,20260207_212739,455,Right,Transport,56.1,0,False,1152,270
2126,15.791,20260207_212739,457,Left,Transport,20.6,0,False,145,388
2127,15.791,20260207_212739,457,Right,Transport,29.2,0,False,1135,274
2128,15.860,20260207_212739,459,Left,Transport,15.9,0,False,167,407
2129,15.860,20260207_212739,459,Right,Transport,13.7,0,False,1111,282
2130,15.929,20260207_212739,461,Left,Transport,14.3,0,False,182,422
2131,15.929,20260207_212739,461,Right,Transport,13.7,0,False,1090,297
2132,15.999,20260207_212739,463,Left,Transport,10.9,0,False,189,441
2133,15.999,20260207_212739,463,Right,Transport,12.1,0,False,1080,317
2134,16.068,20260207_212739,465,Left,Transport,10.7,0,False,196,462
2135,16.068,20260207_212739,465,Right,Transport,11.0,0,False,1068,331
2136,16.137,20260207_212739,467,Left,Transport,11.6,0,False,209,484
2137,16.137,20260207_212739,467,Right,Transport,9.3,0,False,1057,348
2138,16.206,20260207_212739,469,Left,Transport,9.1,0,False,214,490
2139,16.206,20260207_212739,469,Right,Transport,7.7,0,False,1050,352
2140,16.275,20260207_212739,471,Left,Transport,3.9,0,False,217,494
2141,16.275,20260207_212739,471,Right,Transport,5.0,0,False,1045,360
2142,16.344,20260207_212739,473,Left,Transport,1.9,0,False,217,493
2143,16.344,20260207_212739,473,Right,Transport,3.5,0,False,1041,364
2144,16.413,20260207_212739,475,Left,Transport,4.1,0,False,200,491
2145,16.413,20260207_212739,475,Right,Transport,6.7,0,False,1064,368
2146,16.482,20260207_212739,477,Left,Transport,9.2,0,False,173,485
2147,16.482,20260207_212739,477,Right,Transport,12.7,0,False,1097,385
2148,16.551,20260207_212739,479,Left,Transport,17.0,0,False,127,468
2149,16.551,20260207_212739,479,Right,Transport,12.6,0,False,1099,392
2150,16.621,20260207_212739,481,Left,Transport,21.3,0,False,94,446
2151,16.621,20260207_212739,481,Right,Transport,11.3,0,False,1091,419
2152,16.690,20260207_212739,483,Left,Transport,18.2,0,False,84,397
2153,16.690,20260207_212739,483,Right,Transport,15.6,0,False,1060,440
2154,16.759,20260207_212739,485,Left,Transport,17.4,0,False,85,360
2155,16.759,20260207_212739,485,Right,Transport,17.9,0,False,1045,429
2156,16.828,20260207_212739,487,Left,Transport,16.1,0,False,118,332
2157,16.828,20260207_212739,487,Right,Transport,18.7,0,False,1026,428
2158,16.897,20260207_212739,489,Left,Transport,25.9,0,False,194,292
2159,16.897,20260207_212739,489,Right,Transport,11.1,0,False,1013,431
2160,16.966,20260207_212739,491,Left,Transport,36.3,0,False,269,291
2161,16.966,20260207_212739,491,Right,Transport,7.1,0,False,1010,431
2162,17.035,20260207_212739,493,Left,Transport,33.5,1,True,321,303
2163,17.035,20260207_212739,493,Right,Transport,2.3,0,False,1013,432
2164,17.104,20260207_212739,495,Left,Transport,24.1,3,True,355,309
2165,17.104,20260207_212739,495,Right,Transport,2.8,0,False,1021,433
2166,17.173,20260207_212739,497,Left,Transport,17.1,4,True,379,321
2167,17.173,20260207_212739,497,Right,Transport,6.6,0,False,1042,436
2168,17.243,20260207_212739,499,Left,Operation,14.2,5,True,399,340
2169,17.243,20260207_212739,499,Right,Transport,15.0,0,False,1088,422
2170,17.312,20260207_212739,501,Left,Operation,11.8,5,True,408,354
2171,17.312,20260207_212739,501,Right,Transport,24.9,0,False,1124,370
2172,17.381,20260207_212739,503,Left,Operation,11.5,5,True,425,371
2173,17.381,20260207_212739,503,Right,Transport,39.9,0,False,1085,279
2174,17.450,20260207_212739,505,Left,Operation,9.6,5,True,435,383
2175,17.450,20260207_212739,505,Right,Transport,50.4,0,False,986,217
2176,17.519,20260207_212739,507,Left,Operation,8.3,5,True,440,391
2177,17.519,20260207_212739,507,Right,Transport,55.8,0,False,896,197
2178,17.588,20260207_212739,509,Left,Operation,4.4,5,True,441,397
2179,17.588,20260207_212739,509,Right,Transport,41.1,3,True,841,197
2180,17.657,20260207_212739,511,Left,Operation,3.0,5,True,440,401
2181,17.657,20260207_212739,511,Right,Transport,30.1,5,True,798,227
2182,17.726,20260207_212739,513,Left,Operation,3.0,5,True,436,405
2183,17.726,20260207_212739,513,Right,Operation,27.0,5,True,765,272
2184,17.795,20260207_212739,515,Left,Operation,2.2,5,True,434,407
2185,17.795,20260207_212739,515,Right,Operation,28.9,5,True,745,328
2186,17.865,20260207_212739,517,Left,Operation,1.9,5,True,437,409
2187,17.865,20260207_212739,517,Right,Operation,24.1,5,True,742,360
2188,17.934,20260207_212739,519,Left,Operation,1.8,5,True,441,410
2189,17.934,20260207_212739,519,Right,Operation,14.2,5,True,745,377
2190,18.003,20260207_212739,521,Left,Operation,2.2,5,True,444,411
2191,18.003,20260207_212739,521,Right,Operation,8.9,5,True,750,389
2192,18.072,20260207_212739,523,Left,Operation,1.9,5,True,447,413
2193,18.072,20260207_212739,523,Right,Operation,6.0,5,True,753,398
2194,18.141,20260207_212739,525,Left,Operation,1.7,5,True,447,415
2195,18.141,20260207_212739,525,Right,Operation,4.5,5,True,754,405
2196,18.210,20260207_212739,527,Left,Operation,0.6,5,True,447,415
2197,18.210,20260207_212739,527,Right,Operation,2.9,5,True,754,408
2198,18.279,20260207_212739,529,Left,Delay,1.0,5,True,445,417
2199,18.279,20260207_212739,529,Right,Operation,1.8,5,True,753,412
2200,18.348,20260207_212739,531,Left,Delay,1.1,5,True,447,419
2201,18.348,20260207_212739,531,Right,Operation,1.9,5,True,750,413
2202,18.417,20260207_212739,533,Left,Delay,1.5,5,True,449,419
2203,18.417,20260207_212739,533,Right,Operation,1.3,5,True,749,413
2204,18.486,20260207_212739,535,Left,Delay,1.4,5,True,450,418
2205,18.486,20260207_212739,535,Right,Operation,0.7,5,True,750,413
2206,18.556,20260207_212739,537,Left,Delay,0.8,5,True,450,417
2207,18.556,20260207_212739,537,Right,Operation,0.4,5,True,750,412
2208,18.625,20260207_212739,539,Left,Delay,1.2,5,True,450,413
2209,18.625,20260207_212739,539,Right,Operation,1.4,5,True,753,414
2210,18.694,20260207_212739,541,Left,Operation,4.3,5,True,449,397
2211,18.694,20260207_212739,541,Right,Operation,4.1,5,True,759,404
2212,18.763,20260207_212739,543,Left,Operation,11.3,5,True,451,359
2213,18.763,20260207_212739,543,Right,Operation,11.6,5,True,751,363
2214,18.832,20260207_212739,545,Left,Operation,18.8,5,True,443,313
2215,18.832,20260207_212739,545,Right,Operation,22.0,5,True,736,305
2216,18.901,20260207_212739,547,Left,Operation,24.5,5,True,415,269
2217,18.901,20260207_212739,547,Right,Operation,28.3,3,True,743,251
2218,18.970,20260207_212739,549,Left,Transport,34.2,0,False,330,230
2219,18.970,20260207_212739,549,Right,Operation,37.0,1,True,817,185
2220,19.039,20260207_212739,551,Left,Transport,43.2,0,False,237,231
2221,19.039,20260207_212739,551,Right,Transport,45.7,0,False,916,174
2222,19.108,20260207_212739,553,Left,Transport,54.5,0,False,149,318
2223,19.108,20260207_212739,553,Right,Transport,57.3,0,False,1040,224
2224,19.178,20260207_212739,555,Left,Transport,53.3,0,False,110,403
2225,19.178,20260207_212739,555,Right,Transport,51.1,0,False,1089,274
2226,19.247,20260207_212739,557,Left,Transport,42.3,0,False,109,447
2227,19.247,20260207_212739,557,Right,Transport,37.2,0,False,1094,310
2228,19.316,20260207_212739,559,Left,Transport,20.6,0,False,122,456
2229,19.316,20260207_212739,559,Right,Transport,15.9,0,False,1096,325
2230,19.385,20260207_212739,561,Left,Transport,10.0,0,False,135,454
2231,19.385,20260207_212739,561,Right,Transport,10.6,0,False,1104,343
2232,19.454,20260207_212739,563,Left,Transport,7.8,0,False,151,447
2233,19.454,20260207_212739,563,Right,Transport,6.4,0,False,1107,349
2234,19.523,20260207_212739,565,Left,Transport,5.9,0,False,155,449
2235,19.523,20260207_212739,565,Right,Transport,5.9,0,False,1112,358
2236,19.592,20260207_212739,567,Left,Transport,3.5,0,False,156,443
2237,19.592,20260207_212739,567,Right,Transport,5.3,0,False,1116,368
2238,19.661,20260207_212739,569,Left,Transport,2.7,0,False,158,439
2239,19.661,20260207_212739,569,Right,Transport,3.4,0,False,1114,368
2240,19.730,20260207_212739,571,Left,Transport,2.4,0,False,158,438
2241,19.730,20260207_212739,571,Right,Transport,2.7,0,False,1111,368
2242,19.800,20260207_212739,573,Left,Transport,4.4,0,False,146,449
2243,19.800,20260207_212739,573,Right,Transport,2.5,0,False,1106,373
2244,19.869,20260207_212739,575,Left,Transport,5.9,0,False,136,446
2245,19.869,20260207_212739,575,Right,Transport,3.5,0,False,1104,381
2246,19.938,20260207_212739,577,Left,Transport,7.8,0,False,120,440
2247,19.938,20260207_212739,577,Right,Transport,5.3,0,False,1105,392
2248,20.007,20260207_212739,579,Left,Transport,8.9,0,False,107,423
2249,20.007,20260207_212739,579,Right,Transport,3.2,0,False,1105,392
2250,20.076,20260207_212739,581,Left,Transport,14.6,0,False,118,386
2251,20.076,20260207_212739,581,Right,Transport,1.1,0,False,1106,391
2252,20.145,20260207_212739,583,Left,Transport,15.9,0,False,129,361
2253,20.145,20260207_212739,583,Right,Transport,1.5,0,False,1109,387
2254,20.214,20260207_212739,585,Left,Transport,20.2,0,False,170,333
2255,20.214,20260207_212739,585,Right,Transport,9.6,0,False,1099,347
2256,20.283,20260207_212739,587,Left,Transport,22.1,0,False,215,306
2257,20.283,20260207_212739,587,Right,Transport,23.6,0,False,1076,276
2258,20.352,20260207_212739,589,Left,Transport,25.9,0,False,259,284
2259,20.352,20260207_212739,589,Right,Transport,36.1,0,False,1017,223
2260,20.422,20260207_212739,591,Left,Transport,24.6,0,False,305,276
2261,20.422,20260207_212739,591,Right,Transport,46.3,1,True,908,210
2262,20.491,20260207_212739,593,Left,Transport,23.0,1,True,348,279
2263,20.491,20260207_212739,593,Right,Transport,54.9,1,True,789,221
2264,20.560,20260207_212739,595,Left,Transport,17.9,4,True,365,297
2265,20.560,20260207_212739,595,Right,Transport,45.3,5,True,758,255
2266,20.629,20260207_212739,597,Left,Operation,10.3,4,True,370,310
2267,20.629,20260207_212739,597,Right,Operation,27.7,5,True,760,299
2268,20.698,20260207_212739,599,Left,Operation,9.9,5,True,381,324
2269,20.698,20260207_212739,599,Right,Operation,23.2,5,True,776,348
2270,20.767,20260207_212739,601,Left,Operation,7.0,5,True,388,329
2271,20.767,20260207_212739,601,Right,Operation,18.8,5,True,786,364
2272,20.836,20260207_212739,603,Left,Operation,8.8,5,True,406,343
2273,20.836,20260207_212739,603,Right,Operation,11.1,5,True,792,370
2274,20.905,20260207_212739,605,Left,Operation,9.3,5,True,426,346
2275,20.905,20260207_212739,605,Right,Operation,4.8,5,True,796,377
2276,20.974,20260207_212739,607,Left,Operation,9.3,5,True,438,345
2277,20.974,20260207_212739,607,Right,Operation,5.2,5,True,797,390
2278,21.043,20260207_212739,609,Left,Operation,6.1,5,True,435,339
2279,21.043,20260207_212739,609,Right,Operation,5.2,5,True,800,399
2280,21.113,20260207_212739,611,Left,Operation,7.0,4,True,415,344
2281,21.113,20260207_212739,611,Right,Operation,5.9,5,True,804,409
2282,21.182,20260207_212739,613,Left,Operation,7.2,5,True,426,342
2283,21.182,20260207_212739,613,Right,Operation,4.3,5,True,806,414
2284,21.251,20260207_212739,615,Left,Operation,5.0,5,True,430,345
2285,21.251,20260207_212739,615,Right,Operation,3.7,5,True,801,412
2286,21.320,20260207_212739,617,Left,Operation,3.9,5,True,429,354
2287,21.320,20260207_212739,617,Right,Operation,2.5,5,True,799,411
2288,21.389,20260207_212739,619,Left,Operation,4.4,5,True,421,358
2289,21.389,20260207_212739,619,Right,Operation,1.6,5,True,799,408
2290,21.458,20260207_212739,621,Left,Operation,5.9,5,True,411,368
2291,21.458,20260207_212739,621,Right,Operation,2.0,5,True,799,402
2292,21.527,20260207_212739,623,Left,Operation,5.6,5,True,413,362
2293,21.527,20260207_212739,623,Right,Operation,2.6,5,True,799,397
2294,21.596,20260207_212739,625,Left,Operation,3.8,5,True,409,369
2295,21.596,20260207_212739,625,Right,Operation,1.6,5,True,797,397
2296,21.665,20260207_212739,627,Left,Operation,5.9,3,True,403,383
2297,21.665,20260207_212739,627,Right,Operation,1.3,4,True,796,398
2298,21.735,20260207_212739,629,Left,Operation,6.2,3,True,407,391
2299,21.735,20260207_212739,629,Right,Operation,0.8,5,True,797,399
2300,21.804,20260207_212739,631,Left,Operation,5.4,4,True,414,399
2301,21.804,20260207_212739,631,Right,Delay,1.3,4,True,794,403
2302,21.873,20260207_212739,633,Left,Operation,4.7,4,True,419,407
2303,21.873,20260207_212739,633,Right,Delay,1.7,5,True,792,405
2304,21.942,20260207_212739,635,Left,Operation,5.3,4,True,422,417
2305,21.942,20260207_212739,635,Right,Delay,1.7,4,True,793,407
2306,22.011,20260207_212739,637,Left,Operation,4.2,4,True,424,422
2307,22.011,20260207_212739,637,Right,Delay,1.5,5,True,790,410
2308,22.080,20260207_212739,639,Left,Operation,3.6,4,True,423,429
2309,22.080,20260207_212739,639,Right,Delay,1.5,5,True,790,412
2310,22.149,20260207_212739,641,Left,Operation,2.7,4,True,422,430
2311,22.149,20260207_212739,641,Right,Delay,1.2,5,True,791,412
2312,22.218,20260207_212739,643,Left,Operation,1.7,4,True,423,430
2313,22.218,20260207_212739,643,Right,Delay,1.4,4,True,796,411
2314,22.287,20260207_212739,645,Left,Operation,1.5,3,True,422,425
2315,22.287,20260207_212739,645,Right,Operation,6.1,4,True,797,387
2316,22.357,20260207_212739,647,Left,Operation,8.8,4,True,431,387
2317,22.357,20260207_212739,647,Right,Operation,18.4,5,True,764,334
2318,22.426,20260207_212739,649,Left,Operation,19.0,3,True,423,335
2319,22.426,20260207_212739,649,Right,Operation,29.5,3,True,757,262
2320,22.495,20260207_212739,651,Left,Operation,27.3,2,True,396,277
2321,22.495,20260207_212739,651,Right,Operation,34.1,1,True,788,200
2322,22.564,20260207_212739,653,Left,Transport,32.5,0,False,340,235
2323,22.564,20260207_212739,653,Right,Transport,38.5,0,False,869,173
2324,22.633,20260207_212739,655,Left,Transport,44.5,0,False,225,240
2325,22.633,20260207_212739,655,Right,Transport,51.7,0,False,999,206
2326,22.702,20260207_212739,657,Left,Transport,49.8,0,False,140,280
2327,22.702,20260207_212739,657,Right,Transport,53.7,0,False,1062,257
2328,22.771,20260207_212739,659,Left,Transport,45.0,0,False,137,335
2329,22.771,20260207_212739,659,Right,Transport,41.3,0,False,1073,296
2330,22.840,20260207_212739,661,Left,Transport,27.8,0,False,171,361
2331,22.840,20260207_212739,661,Right,Transport,18.8,0,False,1079,321
2332,22.909,20260207_212739,663,Left,Transport,17.8,0,False,192,360
2333,22.909,20260207_212739,663,Right,Transport,9.5,0,False,1080,326
2334,22.979,20260207_212739,665,Left,Transport,9.3,0,False,198,359
2335,22.979,20260207_212739,665,Right,Transport,4.5,0,False,1088,327
2336,23.048,20260207_212739,667,Left,Transport,3.6,0,False,200,357
2337,23.048,20260207_212739,667,Right,Transport,3.2,0,False,1091,332
2338,23.117,20260207_212739,669,Left,Transport,1.8,0,False,203,359
2339,23.117,20260207_212739,669,Right,Transport,3.7,0,False,1089,335
2340,23.186,20260207_212739,671,Left,Transport,2.0,0,False,204,363
2341,23.186,20260207_212739,671,Right,Transport,4.5,0,False,1093,337
2342,23.255,20260207_212739,673,Left,Transport,2.4,0,False,200,364
2343,23.255,20260207_212739,673,Right,Transport,5.2,0,False,1101,343
2344,23.324,20260207_212739,675,Left,Transport,3.1,0,False,192,367
2345,23.324,20260207_212739,675,Right,Transport,6.5,0,False,1115,354
2346,23.393,20260207_212739,677,Left,Transport,5.0,0,False,179,363
2347,23.393,20260207_212739,677,Right,Transport,7.1,0,False,1118,366
2348,23.462,20260207_212739,679,Left,Transport,7.7,0,False,159,359
2349,23.462,20260207_212739,679,Right,Transport,5.3,0,False,1120,363
2350,23.531,20260207_212739,681,Left,Transport,10.4,0,False,136,351
2351,23.531,20260207_212739,681,Right,Transport,3.8,0,False,1117,358
2352,23.601,20260207_212739,683,Left,Transport,10.4,0,False,120,347
2353,23.601,20260207_212739,683,Right,Transport,3.1,0,False,1114,364
2354,23.670,20260207_212739,685,Left,Transport,7.7,0,False,121,338
2355,23.670,20260207_212739,685,Right,Transport,4.9,0,False,1111,352
2356,23.739,20260207_212739,687,Left,Transport,6.8,0,False,132,321
2357,23.739,20260207_212739,687,Right,Transport,12.1,0,False,1077,326
2358,23.808,20260207_212739,689,Left,Transport,12.2,0,False,164,310
2359,23.808,20260207_212739,689,Right,Transport,23.5,0,False,1027,284
2360,23.877,20260207_212739,691,Left,Transport,18.0,0,False,203,293
2361,23.877,20260207_212739,691,Right,Transport,29.2,0,False,983,248
2362,23.946,20260207_212739,693,Left,Transport,22.4,0,False,253,274
2363,23.946,20260207_212739,693,Right,Transport,30.5,0,False,928,233
2364,24.015,20260207_212739,695,Left,Transport,25.3,0,False,297,261
2365,24.015,20260207_212739,695,Right,Transport,23.3,1,True,895,241
2366,24.084,20260207_212739,697,Left,Transport,23.9,1,True,342,258
2367,24.084,20260207_212739,697,Right,Transport,22.0,4,True,852,262
2368,24.153,20260207_212739,699,Left,Transport,21.4,3,True,381,267
2369,24.153,20260207_212739,699,Right,Transport,23.5,5,True,805,289
2370,24.222,20260207_212739,701,Left,Operation,18.4,4,True,410,278
2371,24.222,20260207_212739,701,Right,Operation,22.0,5,True,774,300
2372,24.292,20260207_212739,703,Left,Operation,14.6,5,True,423,293
2373,24.292,20260207_212739,703,Right,Operation,16.1,5,True,756,310
2374,24.361,20260207_212739,705,Left,Operation,9.8,5,True,430,308
2375,24.361,20260207_212739,705,Right,Operation,9.3,5,True,754,322
2376,24.430,20260207_212739,707,Left,Operation,8.1,5,True,442,316
2377,24.430,20260207_212739,707,Right,Operation,8.1,5,True,761,340
2378,24.499,20260207_212739,709,Left,Operation,6.4,5,True,448,323
2379,24.499,20260207_212739,709,Right,Operation,8.6,5,True,770,354
2380,24.568,20260207_212739,711,Left,Operation,5.7,4,True,440,331
2381,24.568,20260207_212739,711,Right,Operation,7.5,5,True,779,359
2382,24.637,20260207_212739,713,Left,Operation,6.0,4,True,433,343
2383,24.637,20260207_212739,713,Right,Operation,4.6,5,True,783,360
2384,24.706,20260207_212739,715,Left,Operation,5.1,4,True,430,347
2385,24.706,20260207_212739,715,Right,Operation,2.3,5,True,785,360
2386,24.775,20260207_212739,717,Left,Operation,2.8,4,True,430,347
2387,24.775,20260207_212739,717,Right,Operation,1.8,5,True,791,361
2388,24.844,20260207_212739,719,Left,Operation,1.1,4,True,428,348
2389,24.844,20260207_212739,719,Right,Operation,2.8,5,True,794,365
2390,24.914,20260207_212739,721,Left,Operation,1.5,4,True,428,352
2391,24.914,20260207_212739,721,Right,Operation,2.0,5,True,793,365
2392,24.983,20260207_212739,723,Left,Operation,1.9,4,True,427,356
2393,24.983,20260207_212739,723,Right,Operation,1.1,5,True,791,366
2394,25.052,20260207_212739,725,Left,Operation,2.2,4,True,425,360
2395,25.052,20260207_212739,725,Right,Operation,1.2,5,True,792,368
2396,25.121,20260207_212739,727,Left,Operation,2.0,4,True,425,363
2397,25.121,20260207_212739,727,Right,Operation,1.5,5,True,793,372
2398,25.190,20260207_212739,729,Left,Operation,1.3,4,True,424,365
2399,25.190,20260207_212739,729,Right,Delay,1.9,4,True,795,375
2400,25.259,20260207_212739,731,Left,Operation,1.4,4,True,426,366
2401,25.259,20260207_212739,731,Right,Delay,1.5,4,True,796,376
2402,25.328,20260207_212739,733,Left,Delay,1.0,4,True,427,366
2403,25.328,20260207_212739,733,Right,Delay,1.3,4,True,797,374
2404,25.397,20260207_212739,735,Left,Delay,1.1,4,True,428,367
2405,25.397,20260207_212739,735,Right,Delay,1.3,4,True,794,374
2406,25.466,20260207_212739,737,Left,Delay,1.1,4,True,428,368
2407,25.466,20260207_212739,737,Right,Delay,1.3,4,True,794,375
2408,25.536,20260207_212739,739,Left,Delay,1.0,4,True,429,369
2409,25.536,20260207_212739,739,Right,Delay,1.1,4,True,793,374
2410,25.605,20260207_212739,741,Left,Delay,1.0,4,True,427,369
2411,25.605,20260207_212739,741,Right,Delay,1.3,4,True,792,371
2412,25.674,20260207_212739,743,Left,Operation,3.2,3,True,424,357
2413,25.674,20260207_212739,743,Right,Operation,3.2,5,True,789,360
2414,25.743,20260207_212739,745,Left,Operation,8.7,4,True,428,328
2415,25.743,20260207_212739,745,Right,Operation,7.8,5,True,784,335
2416,25.812,20260207_212739,747,Left,Operation,13.0,4,True,433,305
2417,25.812,20260207_212739,747,Right,Operation,12.9,5,True,776,303
2418,25.881,20260207_212739,749,Left,Operation,21.3,3,True,429,240
2419,25.881,20260207_212739,749,Right,Operation,23.3,3,True,781,234
2420,25.950,20260207_212739,751,Left,Operation,24.6,1,True,393,204
2421,25.950,20260207_212739,751,Right,Operation,27.6,1,True,829,198
2422,26.019,20260207_212739,753,Left,Transport,31.9,0,False,315,202
2423,26.019,20260207_212739,753,Right,Transport,35.2,0,False,913,180
2424,26.088,20260207_212739,755,Left,Transport,42.0,0,False,214,227
2425,26.088,20260207_212739,755,Right,Transport,45.7,0,False,1019,200
2426,26.158,20260207_212739,757,Left,Transport,49.0,0,False,136,283
2427,26.158,20260207_212739,757,Right,Transport,47.0,0,False,1087,245
2428,26.227,20260207_212739,759,Left,Transport,43.3,0,False,107,343
2429,26.227,20260207_212739,759,Right,Transport,38.1,0,False,1104,296
2430,26.296,20260207_212739,761,Left,Transport,29.3,0,False,117,374
2431,26.296,20260207_212739,761,Right,Transport,23.6,0,False,1104,324
2432,26.365,20260207_212739,763,Left,Transport,18.0,0,False,143,385
2433,26.365,20260207_212739,763,Right,Transport,12.1,0,False,1108,332
2434,26.434,20260207_212739,765,Left,Transport,12.5,0,False,160,378
2435,26.434,20260207_212739,765,Right,Transport,5.2,0,False,1108,339
2436,26.503,20260207_212739,767,Left,Transport,8.4,0,False,164,372
2437,26.503,20260207_212739,767,Right,Transport,3.2,0,False,1112,337
2438,26.572,20260207_212739,769,Left,Transport,3.7,0,False,160,371
2439,26.572,20260207_212739,769,Right,Transport,2.7,0,False,1111,340
2440,26.641,20260207_212739,771,Left,Transport,2.6,0,False,158,365
2441,26.641,20260207_212739,771,Right,Transport,2.1,0,False,1107,342
2442,26.710,20260207_212739,773,Left,Transport,2.8,0,False,154,362
2443,26.710,20260207_212739,773,Right,Transport,3.0,0,False,1107,351
2444,26.779,20260207_212739,775,Left,Transport,2.3,0,False,151,362
2445,26.779,20260207_212739,775,Right,Transport,5.9,0,False,1111,368
2446,26.849,20260207_212739,777,Left,Transport,2.6,0,False,149,356
2447,26.849,20260207_212739,777,Right,Transport,6.1,0,False,1106,373
2448,26.918,20260207_212739,779,Left,Transport,2.1,0,False,152,356
2449,26.918,20260207_212739,779,Right,Transport,8.8,0,False,1089,387
2450,26.987,20260207_212739,781,Left,Transport,1.8,0,False,155,356
2451,26.987,20260207_212739,781,Right,Transport,9.6,0,False,1069,396
2452,27.056,20260207_212739,783,Left,Transport,2.0,0,False,155,352
2453,27.056,20260207_212739,783,Right,Transport,11.5,0,False,1047,387
2454,27.125,20260207_212739,785,Left,Delay,2.4,0,False,154,346
2455,27.125,20260207_212739,785,Right,Transport,8.9,0,False,1037,388
2456,27.194,20260207_212739,787,Left,Delay,2.0,0,False,153,348
2457,27.194,20260207_212739,787,Right,Transport,5.2,0,False,1034,389
2458,27.263,20260207_212739,789,Left,Delay,2.3,0,False,148,347
2459,27.263,20260207_212739,789,Right,Transport,4.1,0,False,1044,385
2460,27.332,20260207_212739,791,Left,Transport,4.3,0,False,133,350
2461,27.332,20260207_212739,791,Right,Transport,6.9,0,False,1066,381
2462,27.401,20260207_212739,793,Left,Transport,9.8,0,False,104,346
2463,27.401,20260207_212739,793,Right,Transport,12.7,0,False,1093,362
2464,27.471,20260207_212739,795,Left,Transport,14.3,0,False,82,324
2465,27.471,20260207_212739,795,Right,Transport,17.7,0,False,1123,332
2466,27.540,20260207_212739,797,Left,Transport,16.7,0,False,77,288
2467,27.540,20260207_212739,797,Right,Transport,19.0,0,False,1132,298
2468,27.609,20260207_212739,799,Left,Transport,17.1,0,False,88,259
2469,27.609,20260207_212739,799,Right,Transport,21.9,0,False,1112,256
2470,27.678,20260207_212739,801,Left,Transport,19.1,0,False,131,246
2471,27.678,20260207_212739,801,Right,Transport,24.6,0,False,1060,233
2472,27.747,20260207_212739,803,Left,Transport,24.8,0,False,190,238
2473,27.747,20260207_212739,803,Right,Transport,31.3,0,False,990,224
2474,27.816,20260207_212739,805,Left,Transport,29.5,0,False,247,238
2475,27.816,20260207_212739,805,Right,Transport,30.5,0,False,938,218
2476,27.885,20260207_212739,807,Left,Transport,25.2,0,False,285,243
2477,27.885,20260207_212739,807,Right,Transport,26.9,2,True,890,225
2478,27.954,20260207_212739,809,Left,Transport,21.4,0,False,323,250
2479,27.954,20260207_212739,809,Right,Transport,25.1,3,True,842,244
2480,28.023,20260207_212739,811,Left,Transport,18.3,4,True,354,260
2481,28.023,20260207_212739,811,Right,Operation,23.6,4,True,807,265
2482,28.093,20260207_212739,813,Left,Transport,17.3,5,True,385,277
2483,28.093,20260207_212739,813,Right,Operation,20.1,4,True,783,289
2484,28.162,20260207_212739,815,Left,Operation,19.6,5,True,421,304
2485,28.162,20260207_212739,815,Right,Operation,18.2,4,True,758,315
2486,28.231,20260207_212739,817,Left,Operation,18.7,5,True,442,327
2487,28.231,20260207_212739,817,Right,Operation,14.2,4,True,748,330
2488,28.300,20260207_212739,819,Left,Operation,15.4,5,True,453,341
2489,28.300,20260207_212739,819,Right,Operation,10.3,4,True,743,343
2490,28.369,20260207_212739,821,Left,Operation,7.8,5,True,460,350
2491,28.369,20260207_212739,821,Right,Operation,6.5,4,True,742,354
2492,28.438,20260207_212739,823,Left,Operation,5.0,5,True,465,351
2493,28.438,20260207_212739,823,Right,Operation,4.9,4,True,741,361
2494,28.507,20260207_212739,825,Left,Operation,3.3,5,True,469,354
2495,28.507,20260207_212739,825,Right,Operation,3.6,4,True,741,367
2496,28.576,20260207_212739,827,Left,Operation,2.7,5,True,473,354
2497,28.576,20260207_212739,827,Right,Operation,2.0,4,True,740,367
2498,28.645,20260207_212739,829,Left,Operation,3.8,5,True,482,356
2499,28.645,20260207_212739,829,Right,Operation,1.8,4,True,735,368
2500,28.715,20260207_212739,831,Left,Operation,4.4,5,True,490,360
2501,28.715,20260207_212739,831,Right,Operation,2.0,4,True,733,371
2502,28.784,20260207_212739,833,Left,Operation,4.0,5,True,494,357
2503,28.784,20260207_212739,833,Right,Operation,2.1,4,True,733,375
2504,28.853,20260207_212739,835,Left,Operation,3.1,5,True,496,353
2505,28.853,20260207_212739,835,Right,Operation,2.0,4,True,733,379
2506,28.922,20260207_212739,837,Left,Operation,2.4,5,True,499,355
2507,28.922,20260207_212739,837,Right,Operation,1.8,4,True,736,379
2508,28.991,20260207_212739,839,Left,Operation,2.2,5,True,503,354
2509,28.991,20260207_212739,839,Right,Operation,1.5,4,True,737,382
2510,29.060,20260207_212739,841,Left,Operation,2.6,5,True,508,354
2511,29.060,20260207_212739,841,Right,Delay,1.6,4,True,737,383
2512,29.129,20260207_212739,843,Left,Operation,2.0,5,True,508,354
2513,29.129,20260207_212739,843,Right,Delay,1.4,4,True,738,385
2514,29.198,20260207_212739,845,Left,Operation,1.7,5,True,505,353
2515,29.198,20260207_212739,845,Right,Delay,1.2,4,True,736,385
2516,29.267,20260207_212739,847,Left,Operation,2.1,5,True,500,350
2517,29.267,20260207_212739,847,Right,Delay,2.7,4,True,738,375
2518,29.337,20260207_212739,849,Left,Operation,3.9,5,True,492,342
2519,29.337,20260207_212739,849,Right,Operation,9.3,5,True,739,341
2520,29.406,20260207_212739,851,Left,Operation,7.9,5,True,483,319
2521,29.406,20260207_212739,851,Right,Operation,18.2,5,True,749,293
2522,29.475,20260207_212739,853,Left,Operation,18.4,5,True,457,266
2523,29.475,20260207_212739,853,Right,Operation,30.1,2,True,804,234
2524,29.544,20260207_212739,855,Left,Operation,31.2,1,True,401,213
2525,29.544,20260207_212739,855,Right,Transport,41.7,0,False,892,185
2526,29.613,20260207_212739,857,Left,Transport,40.9,0,False,312,188
2527,29.613,20260207_212739,857,Right,Transport,50.4,0,False,999,194
2528,29.682,20260207_212739,859,Left,Transport,48.9,0,False,203,215
2529,29.682,20260207_212739,859,Right,Transport,49.1,0,False,1071,242
2530,29.751,20260207_212739,861,Left,Transport,51.9,0,False,130,276
2531,29.751,20260207_212739,861,Right,Transport,38.6,0,False,1094,287
2532,29.820,20260207_212739,863,Left,Transport,41.2,0,False,115,327
2533,29.820,20260207_212739,863,Right,Transport,23.8,0,False,1085,314
2534,29.889,20260207_212739,865,Left,Transport,23.4,0,False,124,342
2535,29.889,20260207_212739,865,Right,Transport,13.9,0,False,1081,331
2536,29.958,20260207_212739,867,Left,Transport,10.9,0,False,139,336
2537,29.958,20260207_212739,867,Right,Transport,7.7,0,False,1085,338
2538,30.028,20260207_212739,869,Left,Transport,9.6,0,False,158,324
2539,30.028,20260207_212739,869,Right,Transport,8.7,0,False,1084,366
2540,30.097,20260207_212739,871,Left,Transport,7.3,0,False,162,322
2541,30.097,20260207_212739,871,Right,Transport,13.9,0,False,1077,401
2542,30.166,20260207_212739,873,Left,Transport,1.5,0,False,164,320
2543,30.235,20260207_212739,875,Left,Transport,1.3,0,False,165,317
2544,30.235,20260207_212739,875,Right,Transport,16.7,0,False,1042,423
2545,30.304,20260207_212739,877,Left,Transport,1.1,0,False,163,318
2546,30.304,20260207_212739,877,Right,Transport,13.9,0,False,1046,433
2547,30.373,20260207_212739,879,Left,Transport,0.7,0,False,162,318
2548,30.442,20260207_212739,881,Left,Transport,0.9,0,False,165,320
2549,30.442,20260207_212739,881,Right,Transport,11.7,0,False,1018,444
2550,30.511,20260207_212739,883,Left,Transport,2.1,0,False,171,323
2551,30.511,20260207_212739,883,Right,Transport,8.3,0,False,1014,441
2552,30.580,20260207_212739,885,Left,Transport,2.8,0,False,174,328
2553,30.580,20260207_212739,885,Right,Transport,3.1,0,False,1014,439
2554,30.650,20260207_212739,887,Left,Transport,2.9,0,False,178,330
2555,30.650,20260207_212739,887,Right,Transport,2.6,0,False,1022,439
2556,30.719,20260207_212739,889,Left,Transport,2.7,0,False,177,335
2557,30.719,20260207_212739,889,Right,Transport,6.9,0,False,1045,431
2558,30.788,20260207_212739,891,Left,Transport,5.0,0,False,160,336
2559,30.788,20260207_212739,891,Right,Transport,12.6,0,False,1073,415
2560,30.857,20260207_212739,893,Left,Transport,7.9,0,False,142,337
2561,30.857,20260207_212739,893,Right,Transport,16.4,0,False,1101,396
2562,30.926,20260207_212739,895,Left,Transport,9.4,0,False,123,335
2563,30.926,20260207_212739,895,Right,Transport,21.3,0,False,1130,354
2564,30.995,20260207_212739,897,Left,Transport,10.9,0,False,102,321
2565,30.995,20260207_212739,897,Right,Transport,23.2,0,False,1131,307
2566,31.064,20260207_212739,899,Left,Transport,12.2,0,False,93,297
2567,31.064,20260207_212739,899,Right,Transport,27.6,0,False,1086,268
2568,31.133,20260207_212739,901,Left,Transport,13.0,0,False,101,278
2569,31.133,20260207_212739,901,Right,Transport,29.1,0,False,1024,258
2570,31.202,20260207_212739,903,Left,Transport,19.1,0,False,150,259
2571,31.202,20260207_212739,903,Right,Transport,32.5,0,False,959,266
2572,31.272,20260207_212739,905,Left,Transport,26.5,0,False,214,240
2573,31.272,20260207_212739,905,Right,Transport,30.7,2,True,905,280
2574,31.341,20260207_212739,907,Left,Transport,33.0,0,False,285,229
2575,31.341,20260207_212739,907,Right,Transport,27.2,3,True,860,296
2576,31.410,20260207_212739,909,Left,Transport,34.2,3,True,351,240
2577,31.410,20260207_212739,909,Right,Operation,24.7,4,True,815,315
2578,31.479,20260207_212739,911,Left,Transport,32.3,5,True,402,268
2579,31.479,20260207_212739,911,Right,Operation,20.9,4,True,788,332
2580,31.548,20260207_212739,913,Left,Operation,27.5,5,True,431,303
2581,31.548,20260207_212739,913,Right,Operation,14.8,4,True,779,348
2582,31.617,20260207_212739,915,Left,Operation,21.2,5,True,444,331
2583,31.617,20260207_212739,915,Right,Operation,9.0,4,True,777,360
2584,31.686,20260207_212739,917,Left,Operation,12.9,5,True,448,343
2585,31.686,20260207_212739,917,Right,Operation,5.8,3,True,780,368
2586,31.755,20260207_212739,919,Left,Operation,6.5,5,True,448,350
2587,31.755,20260207_212739,919,Right,Operation,3.9,3,True,780,373
2588,31.824,20260207_212739,921,Left,Operation,3.9,5,True,446,357
2589,31.824,20260207_212739,921,Right,Operation,2.7,4,True,779,377
2590,31.894,20260207_212739,923,Left,Operation,3.3,5,True,445,364
2591,31.894,20260207_212739,923,Right,Operation,3.0,4,True,776,384
2592,31.963,20260207_212739,925,Left,Operation,2.7,5,True,446,367
2593,31.963,20260207_212739,925,Right,Operation,3.6,4,True,770,389
2594,32.032,20260207_212739,927,Left,Operation,2.7,5,True,452,370
2595,32.032,20260207_212739,927,Right,Operation,3.3,4,True,768,392
2596,32.101,20260207_212739,929,Left,Operation,3.5,5,True,460,368
2597,32.101,20260207_212739,929,Right,Operation,1.9,4,True,767,392
2598,32.170,20260207_212739,931,Left,Operation,4.0,5,True,465,364
2599,32.170,20260207_212739,931,Right,Operation,1.0,4,True,767,393
2600,32.239,20260207_212739,933,Left,Operation,3.6,5,True,463,357
2601,32.239,20260207_212739,933,Right,Operation,0.6,4,True,767,394
2602,32.308,20260207_212739,935,Left,Operation,2.6,5,True,461,355
2603,32.308,20260207_212739,935,Right,Operation,0.8,4,True,765,394
2604,32.377,20260207_212739,937,Left,Operation,1.8,5,True,461,356
2605,32.377,20260207_212739,937,Right,Operation,1.6,4,True,763,394
2606,32.446,20260207_212739,939,Left,Operation,0.8,5,True,461,357
2607,32.446,20260207_212739,939,Right,Operation,1.8,4,True,763,391
2608,32.515,20260207_212739,941,Left,Operation,1.0,5,True,459,355
2609,32.515,20260207_212739,941,Right,Operation,2.4,4,True,767,385
2610,32.585,20260207_212739,943,Left,Operation,1.8,5,True,460,351
2611,32.585,20260207_212739,943,Right,Operation,5.3,4,True,771,367
2612,32.654,20260207_212739,945,Left,Operation,7.7,4,True,454,321
2613,32.654,20260207_212739,945,Right,Operation,12.0,3,True,785,332
2614,32.723,20260207_212739,947,Left,Operation,17.1,4,True,433,275
2615,32.723,20260207_212739,947,Right,Operation,22.6,2,True,833,291
2616,32.792,20260207_212739,949,Left,Operation,25.7,2,True,392,229
2617,32.792,20260207_212739,949,Right,Transport,35.5,0,False,923,272
2618,32.861,20260207_212739,951,Left,Transport,33.8,0,False,327,189
2619,32.861,20260207_212739,951,Right,Transport,45.0,0,False,1014,300
2620,32.930,20260207_212739,953,Left,Transport,40.1,0,False,238,178
2621,32.930,20260207_212739,953,Right,Transport,44.4,0,False,1057,363
2622,32.999,20260207_212739,955,Left,Transport,45.5,0,False,139,208
2623,32.999,20260207_212739,955,Right,Transport,35.7,0,False,1060,417
2624,33.068,20260207_212739,957,Left,Transport,51.3,0,False,88,285
2625,33.068,20260207_212739,957,Right,Transport,25.4,0,False,1046,453
2626,33.137,20260207_212739,959,Left,Transport,37.7,0,False,86,323
2627,33.137,20260207_212739,959,Right,Transport,17.5,0,False,1026,467
2628,33.207,20260207_212739,961,Left,Transport,21.6,0,False,109,319
2629,33.207,20260207_212739,961,Right,Transport,11.3,0,False,1023,481
2630,33.276,20260207_212739,963,Left,Transport,11.5,0,False,134,314
2631,33.276,20260207_212739,963,Right,Transport,7.2,0,False,1015,487
2632,33.345,20260207_212739,965,Left,Transport,12.7,0,False,157,311
2633,33.345,20260207_212739,965,Right,Transport,5.2,0,False,1009,489
2634,33.414,20260207_212739,967,Left,Transport,8.7,0,False,176,318
2635,33.483,20260207_212739,969,Left,Transport,5.5,0,False,179,324
2636,33.483,20260207_212739,969,Right,Transport,4.6,0,False,998,486
2637,33.552,20260207_212739,971,Left,Transport,2.6,0,False,178,330
2638,33.552,20260207_212739,971,Right,Transport,4.8,0,False,1003,478
2639,33.621,20260207_212739,973,Left,Transport,2.2,0,False,175,330
2640,33.621,20260207_212739,973,Right,Transport,4.4,0,False,1013,477
2641,33.690,20260207_212739,975,Left,Transport,1.8,0,False,179,330
2642,33.690,20260207_212739,975,Right,Transport,5.8,0,False,1026,478
2643,33.759,20260207_212739,977,Left,Transport,1.6,0,False,181,332
2644,33.759,20260207_212739,977,Right,Transport,7.3,0,False,1042,478
2645,33.829,20260207_212739,979,Left,Transport,1.9,0,False,178,334
2646,33.829,20260207_212739,979,Right,Transport,10.0,0,False,1059,459
2647,33.898,20260207_212739,981,Left,Transport,2.6,0,False,172,336
2648,33.898,20260207_212739,981,Right,Transport,12.6,0,False,1076,435
2649,33.967,20260207_212739,983,Left,Transport,3.6,0,False,176,328
2650,33.967,20260207_212739,983,Right,Transport,15.9,0,False,1090,401
2651,34.036,20260207_212739,985,Left,Transport,3.4,0,False,178,330
2652,34.036,20260207_212739,985,Right,Transport,17.5,0,False,1091,366
2653,34.105,20260207_212739,987,Left,Transport,3.1,0,False,175,327
2654,34.105,20260207_212739,987,Right,Transport,20.6,0,False,1063,328
2655,34.174,20260207_212739,989,Left,Transport,1.6,0,False,175,324
2656,34.174,20260207_212739,989,Right,Transport,23.7,0,False,1023,292
2657,34.243,20260207_212739,991,Left,Transport,1.4,0,False,176,324
2658,34.243,20260207_212739,991,Right,Transport,26.1,0,False,975,274
2659,34.312,20260207_212739,993,Left,Transport,2.1,0,False,181,330
2660,34.312,20260207_212739,993,Right,Transport,25.0,1,True,929,261
2661,34.381,20260207_212739,995,Left,Transport,2.5,0,False,183,329
2662,34.381,20260207_212739,995,Right,Transport,21.9,2,True,894,250
2663,34.451,20260207_212739,997,Left,Transport,3.2,0,False,178,329
2664,34.451,20260207_212739,997,Right,Transport,17.4,3,True,866,248
2665,34.520,20260207_212739,999,Left,Transport,4.4,0,False,164,328
2666,34.520,20260207_212739,999,Right,Operation,13.0,3,True,846,250
2667,34.589,20260207_212739,1001,Left,Transport,8.9,0,False,143,313
2668,34.589,20260207_212739,1001,Right,Operation,9.8,4,True,829,250
2669,34.658,20260207_212739,1003,Left,Transport,11.7,0,False,124,297
2670,34.658,20260207_212739,1003,Right,Operation,9.0,4,True,811,250
2671,34.727,20260207_212739,1005,Left,Transport,10.9,0,False,110,295
2672,34.727,20260207_212739,1005,Right,Operation,8.5,4,True,795,253
2673,34.796,20260207_212739,1007,Left,Transport,9.8,0,False,119,274
2674,34.796,20260207_212739,1007,Right,Operation,8.3,5,True,779,256
2675,34.865,20260207_212739,1009,Left,Transport,15.2,0,False,153,243
2676,34.865,20260207_212739,1009,Right,Operation,8.1,5,True,764,264
2677,34.934,20260207_212739,1011,Left,Transport,26.7,0,False,223,238
2678,34.934,20260207_212739,1011,Right,Operation,8.2,5,True,751,273
2679,35.003,20260207_212739,1013,Left,Transport,36.8,1,True,308,229
2680,35.003,20260207_212739,1013,Right,Operation,7.9,5,True,740,284
2681,35.072,20260207_212739,1015,Left,Transport,38.8,3,True,377,243
2682,35.072,20260207_212739,1015,Right,Operation,7.1,5,True,731,293
2683,35.142,20260207_212739,1017,Left,Transport,32.8,5,True,423,263
2684,35.142,20260207_212739,1017,Right,Operation,5.8,5,True,725,296
2685,35.211,20260207_212739,1019,Left,Operation,23.8,5,True,452,286
2686,35.211,20260207_212739,1019,Right,Operation,4.2,5,True,719,301
2687,35.280,20260207_212739,1021,Left,Operation,16.8,5,True,469,301
2688,35.280,20260207_212739,1021,Right,Operation,3.7,5,True,719,307
2689,35.349,20260207_212739,1023,Left,Operation,10.1,5,True,479,307
2690,35.349,20260207_212739,1023,Right,Operation,2.8,5,True,719,311
2691,35.418,20260207_212739,1025,Left,Operation,5.7,5,True,484,309
2692,35.418,20260207_212739,1025,Right,Operation,1.4,5,True,719,311
2693,35.487,20260207_212739,1027,Left,Operation,2.6,5,True,486,309
2694,35.487,20260207_212739,1027,Right,Operation,1.0,5,True,716,311
2695,35.556,20260207_212739,1029,Left,Operation,1.4,5,True,484,309
2696,35.556,20260207_212739,1029,Right,Operation,1.3,5,True,713,310
2697,35.625,20260207_212739,1031,Left,Operation,1.0,5,True,482,309
2698,35.625,20260207_212739,1031,Right,Operation,1.1,5,True,712,310
2699,35.694,20260207_212739,1033,Left,Operation,1.6,5,True,486,312
2700,35.694,20260207_212739,1033,Right,Operation,1.6,5,True,712,315
2701,35.764,20260207_212739,1035,Left,Operation,2.2,5,True,488,317
2702,35.764,20260207_212739,1035,Right,Operation,1.8,5,True,714,317
2703,35.833,20260207_212739,1037,Left,Operation,3.2,5,True,489,323
2704,35.833,20260207_212739,1037,Right,Operation,1.8,5,True,717,317
2705,35.902,20260207_212739,1039,Left,Operation,2.8,5,True,489,328
2706,35.902,20260207_212739,1039,Right,Delay,1.4,5,True,719,317
2707,35.971,20260207_212739,1041,Left,Operation,2.1,5,True,490,330
2708,35.971,20260207_212739,1041,Right,Delay,1.4,5,True,719,321
2709,36.040,20260207_212739,1043,Left,Operation,2.3,5,True,494,334
2710,36.040,20260207_212739,1043,Right,Delay,2.3,5,True,721,327
2711,36.109,20260207_212739,1045,Left,Operation,2.1,5,True,496,335
2712,36.109,20260207_212739,1045,Right,Delay,1.7,5,True,721,327
2713,36.178,20260207_212739,1047,Left,Operation,1.5,5,True,498,336
2714,36.178,20260207_212739,1047,Right,Delay,1.4,5,True,717,327
2715,36.247,20260207_212739,1049,Left,Operation,1.5,5,True,495,334
2716,36.247,20260207_212739,1049,Right,Delay,1.3,5,True,717,326
2717,36.316,20260207_212739,1051,Left,Operation,3.4,5,True,488,325
2718,36.316,20260207_212739,1051,Right,Delay,1.7,5,True,720,322
2719,36.386,20260207_212739,1053,Left,Operation,8.4,5,True,480,298
2720,36.386,20260207_212739,1053,Right,Operation,5.9,5,True,731,302
2721,36.455,20260207_212739,1055,Left,Operation,16.3,4,True,467,255
2722,36.455,20260207_212739,1055,Right,Operation,14.2,3,True,741,259
2723,36.524,20260207_212739,1057,Left,Operation,24.6,1,True,426,210
2724,36.524,20260207_212739,1057,Right,Operation,24.3,1,True,768,203
2725,36.593,20260207_212739,1059,Left,Transport,34.8,0,False,342,194
2726,36.593,20260207_212739,1059,Right,Transport,34.0,0,False,837,159
2727,36.662,20260207_212739,1061,Left,Transport,48.8,0,False,217,202
2728,36.662,20260207_212739,1061,Right,Transport,44.5,0,False,943,165
2729,36.731,20260207_212739,1063,Left,Transport,55.9,0,False,130,260
2730,36.731,20260207_212739,1063,Right,Transport,53.1,0,False,1045,219
2731,36.800,20260207_212739,1065,Left,Transport,48.3,0,False,99,325
2732,36.800,20260207_212739,1065,Right,Transport,49.7,0,False,1089,279
2733,36.869,20260207_212739,1067,Left,Transport,29.5,0,False,111,347
2734,36.869,20260207_212739,1067,Right,Transport,36.6,0,False,1090,330
2735,36.938,20260207_212739,1069,Left,Transport,14.8,0,False,130,351
2736,36.938,20260207_212739,1069,Right,Transport,19.8,0,False,1086,344
2737,37.008,20260207_212739,1071,Left,Transport,8.9,0,False,144,352
2738,37.008,20260207_212739,1071,Right,Transport,10.7,0,False,1087,359
2739,37.077,20260207_212739,1073,Left,Transport,6.4,0,False,150,356
2740,37.077,20260207_212739,1073,Right,Transport,6.5,0,False,1095,364
2741,37.146,20260207_212739,1075,Left,Transport,4.8,0,False,158,351
2742,37.146,20260207_212739,1075,Right,Transport,6.9,0,False,1105,378
2743,37.215,20260207_212739,1077,Left,Transport,3.1,0,False,158,348
2744,37.215,20260207_212739,1077,Right,Transport,6.9,0,False,1113,387
2745,37.284,20260207_212739,1079,Left,Transport,2.1,0,False,156,351
2746,37.284,20260207_212739,1079,Right,Transport,6.5,0,False,1118,395
2747,37.353,20260207_212739,1081,Left,Transport,1.6,0,False,154,349
2748,37.353,20260207_212739,1081,Right,Transport,4.5,0,False,1125,395
2749,37.422,20260207_212739,1083,Left,Transport,2.1,0,False,160,350
2750,37.422,20260207_212739,1083,Right,Transport,3.2,0,False,1130,396
2751,37.491,20260207_212739,1085,Left,Transport,3.2,0,False,167,352
2752,37.491,20260207_212739,1085,Right,Transport,3.5,0,False,1131,404
2753,37.560,20260207_212739,1087,Left,Transport,2.8,0,False,165,351
2754,37.560,20260207_212739,1087,Right,Transport,3.5,0,False,1131,411
2755,37.630,20260207_212739,1089,Left,Transport,2.4,0,False,159,352
2756,37.630,20260207_212739,1089,Right,Transport,3.2,0,False,1129,413
2757,37.699,20260207_212739,1091,Left,Transport,2.8,0,False,155,355
2758,37.699,20260207_212739,1091,Right,Transport,2.7,0,False,1128,417
2759,37.768,20260207_212739,1093,Left,Transport,2.7,0,False,153,354
2760,37.768,20260207_212739,1093,Right,Transport,2.5,0,False,1129,422
2761,37.837,20260207_212739,1095,Left,Transport,2.6,0,False,159,351
2762,37.837,20260207_212739,1095,Right,Transport,1.9,0,False,1129,424
2763,37.906,20260207_212739,1097,Left,Transport,2.5,0,False,161,347
2764,37.906,20260207_212739,1097,Right,Transport,2.8,0,False,1125,432
2765,37.975,20260207_212739,1099,Left,Transport,3.2,0,False,169,349
2766,37.975,20260207_212739,1099,Right,Transport,4.0,0,False,1118,432
2767,38.044,20260207_212739,1101,Left,Transport,3.1,0,False,171,351
2768,38.044,20260207_212739,1101,Right,Transport,4.4,0,False,1115,427
2769,38.113,20260207_212739,1103,Left,Transport,2.6,0,False,172,355
2770,38.113,20260207_212739,1103,Right,Transport,4.3,0,False,1109,419
2771,38.182,20260207_212739,1105,Left,Transport,2.6,0,False,176,358
2772,38.182,20260207_212739,1105,Right,Transport,5.6,0,False,1119,409
2773,38.251,20260207_212739,1107,Left,Transport,2.0,0,False,176,359
2774,38.251,20260207_212739,1107,Right,Transport,7.4,0,False,1128,397
2775,38.321,20260207_212739,1109,Left,Transport,1.8,0,False,173,360
2776,38.321,20260207_212739,1109,Right,Transport,10.4,0,False,1123,371
2777,38.390,20260207_212739,1111,Left,Transport,3.9,0,False,160,367
2778,38.390,20260207_212739,1111,Right,Transport,15.8,0,False,1086,347
2779,38.459,20260207_212739,1113,Left,Transport,6.8,0,False,146,372
2780,38.459,20260207_212739,1113,Right,Transport,19.4,0,False,1055,325
2781,38.528,20260207_212739,1115,Left,Transport,8.0,0,False,132,365
2782,38.528,20260207_212739,1115,Right,Transport,18.5,0,False,1036,303
2783,38.597,20260207_212739,1117,Left,Transport,9.7,0,False,119,344
2784,38.597,20260207_212739,1117,Right,Transport,15.5,0,False,1016,285
2785,38.666,20260207_212739,1119,Left,Transport,12.3,0,False,122,317
2786,38.666,20260207_212739,1119,Right,Transport,14.4,0,False,998,257
2787,38.735,20260207_212739,1121,Left,Transport,15.1,0,False,134,280
2788,38.735,20260207_212739,1121,Right,Transport,19.1,0,False,959,231
2789,38.804,20260207_212739,1123,Left,Transport,18.9,0,False,157,248
2790,38.804,20260207_212739,1123,Right,Transport,19.7,0,False,933,209
2791,38.873,20260207_212739,1125,Left,Transport,18.1,0,False,183,233
2792,38.873,20260207_212739,1125,Right,Transport,16.1,0,False,914,205
2793,38.943,20260207_212739,1127,Left,Transport,19.7,0,False,228,223
2794,38.943,20260207_212739,1127,Right,Transport,10.0,0,False,899,209
2795,39.012,20260207_212739,1129,Left,Transport,20.9,0,False,269,219
2796,39.012,20260207_212739,1129,Right,Transport,8.9,0,False,879,218
2797,39.081,20260207_212739,1131,Left,Transport,23.6,2,True,321,220
2798,39.081,20260207_212739,1131,Right,Transport,11.1,1,True,856,228
2799,39.150,20260207_212739,1133,Left,Transport,23.1,3,True,359,224
2800,39.150,20260207_212739,1133,Right,Transport,12.9,5,True,832,241
2801,39.219,20260207_212739,1135,Left,Transport,18.1,4,True,383,235
2802,39.219,20260207_212739,1135,Right,Operation,12.2,4,True,816,251
2803,39.288,20260207_212739,1137,Left,Operation,12.2,5,True,398,244
2804,39.288,20260207_212739,1137,Right,Operation,8.6,4,True,807,252
2805,39.357,20260207_212739,1139,Left,Operation,9.7,5,True,412,257
2806,39.357,20260207_212739,1139,Right,Operation,6.3,5,True,796,257
2807,39.426,20260207_212739,1141,Left,Operation,9.8,5,True,421,276
2808,39.426,20260207_212739,1141,Right,Operation,6.8,5,True,779,264
2809,39.495,20260207_212739,1143,Left,Operation,8.8,5,True,426,288
2810,39.495,20260207_212739,1143,Right,Operation,7.5,5,True,769,271
2811,39.565,20260207_212739,1145,Left,Operation,6.5,5,True,427,297
2812,39.565,20260207_212739,1145,Right,Operation,6.4,5,True,771,280
2813,39.634,20260207_212739,1147,Left,Operation,4.6,5,True,429,305
2814,39.634,20260207_212739,1147,Right,Operation,4.9,5,True,771,289
2815,39.703,20260207_212739,1149,Left,Operation,3.9,5,True,434,310
2816,39.703,20260207_212739,1149,Right,Operation,4.5,5,True,773,295
2817,39.772,20260207_212739,1151,Left,Operation,2.6,5,True,437,310
2818,39.772,20260207_212739,1151,Right,Operation,3.5,5,True,778,299
2819,39.841,20260207_212739,1153,Left,Operation,1.6,5,True,438,310
2820,39.841,20260207_212739,1153,Right,Operation,3.6,5,True,775,306
2821,39.910,20260207_212739,1155,Left,Operation,0.6,5,True,438,308
2822,39.910,20260207_212739,1155,Right,Operation,2.6,5,True,775,307
2823,39.979,20260207_212739,1157,Left,Operation,1.8,5,True,442,312
2824,39.979,20260207_212739,1157,Right,Operation,1.4,5,True,776,309
2825,40.048,20260207_212739,1159,Left,Operation,2.8,5,True,449,314
2826,40.048,20260207_212739,1159,Right,Operation,1.5,5,True,774,312
2827,40.117,20260207_212739,1161,Left,Operation,3.7,5,True,456,317
2828,40.117,20260207_212739,1161,Right,Operation,1.9,5,True,775,316
2829,40.187,20260207_212739,1163,Left,Operation,3.2,5,True,458,320
2830,40.187,20260207_212739,1163,Right,Operation,2.3,5,True,778,318
2831,40.256,20260207_212739,1165,Left,Operation,2.7,5,True,458,321
2832,40.256,20260207_212739,1165,Right,Operation,1.7,5,True,777,320
2833,40.325,20260207_212739,1167,Left,Operation,2.1,5,True,457,318
2834,40.325,20260207_212739,1167,Right,Operation,1.5,5,True,776,322
2835,40.394,20260207_212739,1169,Left,Operation,2.4,5,True,453,322
2836,40.394,20260207_212739,1169,Right,Operation,1.0,5,True,776,323
2837,40.463,20260207_212739,1171,Left,Operation,2.3,5,True,453,323
2838,40.463,20260207_212739,1171,Right,Delay,1.4,5,True,774,321
2839,40.532,20260207_212739,1173,Left,Operation,1.0,5,True,453,323
2840,40.532,20260207_212739,1173,Right,Delay,1.8,5,True,772,318
2841,40.601,20260207_212739,1175,Left,Operation,0.2,5,True,453,323
2842,40.601,20260207_212739,1175,Right,Delay,1.8,5,True,773,316
2843,40.670,20260207_212739,1177,Left,Operation,0.8,5,True,453,327
2844,40.670,20260207_212739,1177,Right,Delay,1.4,5,True,774,315
2845,40.739,20260207_212739,1179,Left,Delay,1.2,5,True,453,325
2846,40.739,20260207_212739,1179,Right,Delay,1.2,5,True,776,315
2847,40.808,20260207_212739,1181,Left,Delay,1.1,5,True,452,326
2848,40.808,20260207_212739,1181,Right,Delay,1.4,4,True,775,317
2849,40.878,20260207_212739,1183,Left,Delay,0.3,5,True,452,326
2850,40.878,20260207_212739,1183,Right,Delay,2.3,4,True,770,321
2851,40.947,20260207_212739,1185,Left,Delay,0.2,5,True,452,327
2852,40.947,20260207_212739,1185,Right,Delay,2.6,4,True,767,323
2853,41.016,20260207_212739,1187,Left,Delay,0.6,5,True,452,325
2854,41.016,20260207_212739,1187,Right,Delay,2.2,5,True,763,322
2855,41.085,20260207_212739,1189,Left,Delay,1.4,5,True,450,321
2856,41.085,20260207_212739,1189,Right,Delay,2.0,5,True,765,318
2857,41.154,20260207_212739,1191,Left,Operation,5.0,5,True,439,307
2858,41.154,20260207_212739,1191,Right,Operation,5.7,4,True,775,298
2859,41.223,20260207_212739,1193,Left,Operation,9.7,5,True,428,282
2860,41.223,20260207_212739,1193,Right,Operation,13.2,5,True,774,258
2861,41.292,20260207_212739,1195,Left,Operation,17.5,2,True,410,236
2862,41.292,20260207_212739,1195,Right,Transport,23.8,0,False,793,199
2863,41.361,20260207_212739,1197,Left,Transport,24.0,0,False,372,199
2864,41.361,20260207_212739,1197,Right,Transport,31.0,0,False,858,175
2865,41.430,20260207_212739,1199,Left,Transport,30.6,0,False,307,174
2866,41.430,20260207_212739,1199,Right,Transport,42.5,0,False,963,197
2867,41.500,20260207_212739,1201,Left,Transport,36.8,0,False,223,187
2868,41.500,20260207_212739,1201,Right,Transport,51.7,0,False,1053,264
2869,41.569,20260207_212739,1203,Left,Transport,41.7,0,False,163,247
2870,41.569,20260207_212739,1203,Right,Transport,51.5,0,False,1114,325
2871,41.638,20260207_212739,1205,Left,Transport,42.2,0,False,128,320
2872,41.638,20260207_212739,1205,Right,Transport,35.2,0,False,1135,351
2873,41.707,20260207_212739,1207,Left,Transport,30.8,0,False,129,349
2874,41.707,20260207_212739,1207,Right,Transport,19.0,0,False,1137,371
2875,41.776,20260207_212739,1209,Left,Transport,16.2,0,False,142,354
2876,41.776,20260207_212739,1209,Right,Transport,9.0,0,False,1135,378
2877,41.845,20260207_212739,1211,Left,Transport,8.2,0,False,156,353
2878,41.845,20260207_212739,1211,Right,Transport,4.9,0,False,1127,381
2879,41.914,20260207_212739,1213,Left,Transport,6.1,0,False,166,350
2880,41.914,20260207_212739,1213,Right,Transport,3.4,0,False,1122,384
2881,41.983,20260207_212739,1215,Left,Transport,5.6,0,False,172,343
2882,41.983,20260207_212739,1215,Right,Transport,2.7,0,False,1119,383
2883,42.052,20260207_212739,1217,Left,Transport,3.6,0,False,175,342
2884,42.052,20260207_212739,1217,Right,Transport,1.9,0,False,1116,385
2885,42.122,20260207_212739,1219,Left,Transport,2.9,0,False,173,340
2886,42.122,20260207_212739,1219,Right,Transport,2.3,0,False,1122,386
2887,42.191,20260207_212739,1221,Left,Transport,3.7,0,False,163,341
2888,42.191,20260207_212739,1221,Right,Transport,2.6,0,False,1124,391
2889,42.260,20260207_212739,1223,Left,Transport,5.5,0,False,152,336
2890,42.260,20260207_212739,1223,Right,Transport,2.8,0,False,1125,394
2891,42.329,20260207_212739,1225,Left,Transport,6.0,0,False,142,332
2892,42.329,20260207_212739,1225,Right,Transport,2.4,0,False,1130,398
2893,42.398,20260207_212739,1227,Left,Transport,5.7,0,False,132,334
2894,42.398,20260207_212739,1227,Right,Transport,2.5,0,False,1132,396
2895,42.467,20260207_212739,1229,Left,Transport,6.6,0,False,117,325
2896,42.467,20260207_212739,1229,Right,Transport,2.4,0,False,1128,395
2897,42.536,20260207_212739,1231,Left,Transport,11.0,0,False,90,307
2898,42.536,20260207_212739,1231,Right,Delay,1.8,0,False,1126,395
2899,42.605,20260207_212739,1233,Left,Transport,11.8,0,False,88,291
2900,42.605,20260207_212739,1233,Right,Delay,1.2,0,False,1126,394
2901,42.674,20260207_212739,1235,Left,Transport,8.4,0,False,97,293
2902,42.674,20260207_212739,1235,Right,Delay,1.1,0,False,1125,393
2903,42.744,20260207_212739,1237,Left,Transport,5.3,0,False,92,291
2904,42.744,20260207_212739,1237,Right,Delay,1.6,0,False,1127,392
2905,42.813,20260207_212739,1239,Left,Transport,11.5,0,False,126,276
2906,42.813,20260207_212739,1239,Right,Delay,3.0,0,False,1123,400
2907,42.882,20260207_212739,1241,Left,Transport,14.0,0,False,147,258
2908,42.882,20260207_212739,1241,Right,Transport,2.8,0,False,1123,404
2909,42.951,20260207_212739,1243,Left,Transport,13.4,0,False,168,252
2910,42.951,20260207_212739,1243,Right,Transport,2.3,0,False,1125,404
2911,43.020,20260207_212739,1245,Left,Transport,14.7,0,False,205,241
2912,43.020,20260207_212739,1245,Right,Transport,4.1,0,False,1129,386
2913,43.089,20260207_212739,1247,Left,Transport,17.1,0,False,241,235
2914,43.089,20260207_212739,1247,Right,Transport,13.4,0,False,1123,340
2915,43.158,20260207_212739,1249,Left,Transport,17.9,0,False,271,225
2916,43.158,20260207_212739,1249,Right,Transport,23.6,0,False,1087,295
2917,43.227,20260207_212739,1251,Left,Transport,13.4,0,False,287,224
2918,43.227,20260207_212739,1251,Right,Transport,28.1,0,False,1046,259
2919,43.296,20260207_212739,1253,Left,Transport,11.0,0,False,312,223
2920,43.296,20260207_212739,1253,Right,Transport,26.1,0,False,1004,240
2921,43.365,20260207_212739,1255,Left,Transport,10.1,0,False,330,220
2922,43.365,20260207_212739,1255,Right,Transport,21.2,0,False,974,222
2923,43.435,20260207_212739,1257,Left,Transport,9.4,0,False,344,222
2924,43.435,20260207_212739,1257,Right,Transport,17.0,0,False,946,212
2925,43.504,20260207_212739,1259,Left,Transport,7.0,1,True,357,219
2926,43.504,20260207_212739,1259,Right,Transport,13.9,0,False,922,207
2927,43.573,20260207_212739,1261,Left,Transport,6.2,1,True,366,214
2928,43.573,20260207_212739,1261,Right,Transport,14.4,1,True,888,204
2929,43.642,20260207_212739,1263,Left,Transport,4.7,3,True,368,218
2930,43.642,20260207_212739,1263,Right,Transport,15.1,2,True,862,203
2931,43.711,20260207_212739,1265,Left,Operation,2.9,3,True,367,221
2932,43.711,20260207_212739,1265,Right,Transport,12.3,0,False,846,200
2933,43.780,20260207_212739,1267,Left,Operation,3.0,3,True,367,229
2934,43.780,20260207_212739,1267,Right,Transport,7.9,0,False,838,207
2935,43.849,20260207_212739,1269,Left,Operation,3.6,3,True,372,232
2936,43.849,20260207_212739,1269,Right,Transport,7.6,4,True,835,226
2937,43.918,20260207_212739,1271,Left,Operation,3.6,2,True,369,233
2938,43.918,20260207_212739,1271,Right,Transport,6.9,3,True,833,233
2939,43.987,20260207_212739,1273,Left,Operation,4.1,4,True,376,243
2940,43.987,20260207_212739,1273,Right,Operation,7.3,3,True,826,222
